url,name,brand,sku,mpn,price,currency,availability,description,image,average_rating,total_ratings,uniq_id,scraped_at
https://www.paulaschoice.com/gentle-touch-makeup-remover/310.html,GENTLE TOUCH Makeup Remover,Paula's Choice,3100,3100,12.8,USD,InStock,"An extra-mild formula that effortlessly dissolves all types of makeup, from long-wearing to waterproof, quickly and easily.
<ul>
    <li>Exceptionally gentle skin-softening formula</li>
    <li>Non-irritating, safe use around the eyes</li>
    <li>Effectively removes all kinds of makeup</li>
    <li>Leaves skin feeling hydrated and smooth, not oily </li>
</ul>",https://www.paulaschoice.com/dw/image/v2/BBNX_PRD/on/demandware.static/-/Sites-pc-catalog/en_US/dwf8eb906f/images/products/gentle-touch-makeup-remover-3100-L.png?sw=2000&sfrm=png,4.3,218,85b784dd-5bc1-5ba1-8c9e-e4c9a11fd712,29/12/2021 02:25:52
https://www.paulaschoice.com/clinical-1pct-retinol-treatment/801.html,1% Retinol Treatment,Paula's Choice,8010,8010,46.4,USD,InStock,"A potent and uniquely formulated retinol solution that hydrates and delivers remarkable anti-aging benefits with a controlled-release delivery system to allow for even, consistent absorption.
<ul>
    <li>Advanced hydrating complex absorbs quickly</li>
    <li>Diminishes the appearance of wrinkles, fine lines</li>
    <li>Light lotion texture delivers powerful results</li>
    <li>Use after cleansing, toning & exfoliating skin</li>
    <li>High-strength 1% retinol concentration</li>
</ul>",https://www.paulaschoice.com/dw/image/v2/BBNX_PRD/on/demandware.static/-/Sites-pc-catalog/default/dw79fa1e88/images/products/clinical-1-percent-retinol-treatment-8010-L.png?sw=2000&sfrm=png,4.2,655,4a10f96b-9b9b-58b4-86b7-6cf1d3cebc9a,29/12/2021 02:25:52
https://www.paulaschoice.com/calm-redness-relief-moisturizer-for-normal-to-oily-skin/9180.html,Redness Relief Moisturizer for Normal to Oily Skin,Paula's Choice,9180,9180,23.2,USD,InStock,"This moisturizer is designed to provide refreshing hydration to lessen signs of aging while calming the appearance of redness and sensitivity.
<ul>
    <li>Antioxidants calm the appearance of reddened skin</li>
    <li>Helps retain moisture & smooth skin’s surface</li>
    <li>Lightweight lotion formula </li>
    <li>Use as the last step in your PM skincare routine</li>
</ul>",https://www.paulaschoice.com/dw/image/v2/BBNX_PRD/on/demandware.static/-/Sites-pc-catalog/en_US/dwb65a73ee/images/products/calm-redness-relief-moisturizer-oily-9180-L.png?sw=2000&sfrm=png,3.5,102,ae1b2985-dbca-5b79-9e51-56fe09c96ef0,29/12/2021 02:25:52
https://www.paulaschoice.com/resist-ultra-light-super-antioxidant-concentrate-serum/774.html,Ultra-Light Super Antioxidant Concentrate Serum,Paula's Choice,7740,7740,31.2,USD,OutOfStock,"An extraordinary blend of antioxidants in a feather-light serum that gives skin a brighter, hydrated appearance while resisting environmental stress and promoting firmer-looking skin.
<ul>
    <li>Essential for improving visible signs of aging</li>
    <li>Antioxidant complex visibly brightens and refines </li>
    <li>Lightweight hydrating serum</li>
    <li>Use twice daily after cleansing, toning & exfoliating</li>
</ul>",https://www.paulaschoice.com/dw/image/v2/BBNX_PRD/on/demandware.static/-/Sites-pc-catalog/default/dwd38bd965/images/products/resist-ultra-light-super-antioxidant-concentrate-serum-7740-L.png?sw=2000&sfrm=png,4.3,409,77313ff9-70ea-55b4-b8e1-b13c5ba6f59a,29/12/2021 02:25:53
https://www.paulaschoice.com/omegaand-complex-cleansing-balm/338.html,Omega+ Complex Cleansing Balm,Paula's Choice,3380,3380,22.4,USD,InStock,"A triple-action cleansing balm made with omegas 3, 6 and 9 to cleanse, soften and soothe while rinsing completely clean.
<br>
<ul>

<li>Thoroughly cleanses without disturbing skin’s barrier</li>
<li>Jojoba & meadowfoam seed oils nourish</li>
<li>Leaves skin feeling soft & hydrated</li>
<li>Velvety-smooth balm texture rinses clean</li>
</ul>",https://www.paulaschoice.com/dw/image/v2/BBNX_PRD/on/demandware.static/-/Sites-pc-catalog/en_US/dwc04118eb/images/products/omega-complex-cleansing-balm-3380-L.png?sw=2000&sfrm=png,4.3,75,f8277233-ce54-530a-bbde-3b6226896c34,29/12/2021 02:25:53
https://www.paulaschoice.com/resist-perfectly-balanced-foaming-cleanser/783.html,Perfectly Balanced Foaming Cleanser,Paula's Choice,7830,7830,15.2,USD,OutOfStock,"A gentle daily cleanser that helps balance moisture while removing makeup, impurities and excess oil.
<ul>
    <li>Thoroughly and gently cleanses skin</li>
    <li>Contains skin-restoring ingredients</li>
    <li>Unique pearlescent cream-to-foam formula</li>
    <li>Use as the first step in your AM/PM skincare routine</li>
</ul>",https://www.paulaschoice.com/dw/image/v2/BBNX_PRD/on/demandware.static/-/Sites-pc-catalog/en_US/dw24ea0558/images/products/resist-perfectly-balanced-foaming-cleanser-7830-L.png?sw=2000&sfrm=png,4.3,199,d66c5de6-922c-56a4-bbea-ae76c8bcf74f,29/12/2021 02:25:53
https://www.paulaschoice.com/shine-stopper-instant-matte-finish-with-microsponge-technology/360.html,SHINE STOPPER Instant Matte Finish with MICROSPONGE Technology,Paula's Choice,3600,3600,19.2,USD,InStock,"This oil-control primer gives you a silky, powder-like finish that controls oil, minimizes the appearance of pores, and wears beautifully.
<ul>
    <li>Unique MICROSPONGE® Technology controls shine</li>
    <li>Can be worn alone or under makeup</li>
    <li>Keeps oil under control for hours</li>
</ul>",https://www.paulaschoice.com/dw/image/v2/BBNX_PRD/on/demandware.static/-/Sites-pc-catalog/en_US/dwa921a466/images/products/shine-stopper-instant-matte-finish-3600-L.png?sw=2000&sfrm=png,4.4,510,6c60fde7-3602-5902-8826-3cd5cda32dc6,29/12/2021 02:25:53
https://www.paulaschoice.com/resist-youth-extending-daily-hydrating-fluid-spf-50/780.html,Youth-Extending Daily Hydrating Fluid SPF 50,Paula's Choice,7800,7800,26.4,USD,InStock,"A synthetic, water-light formula that contains a vital selection of antioxidants and broad-spectrum sun protection to fight visible signs of aging and prevent premature aging of skin.
<ul>
    <li>Promotes a healthier, younger-looking appearance </li>
    <li>Fights against environmental stressors</li>
    <li>Fluid formula leaves a matte finish</li>
    <li>Use as the last step in your AM skincare routine</li>
</ul>",https://www.paulaschoice.com/dw/image/v2/BBNX_PRD/on/demandware.static/-/Sites-pc-catalog/default/dwf1ef77c1/images/products/resist-youth-extending-daily-hydrating-fluid-spf-50-7800-L.png?sw=2000&sfrm=png,3.9000000000000004,422,e8c2ff84-b8fa-5a96-b97b-1bb8dddae141,29/12/2021 02:25:53
https://www.paulaschoice.com/all-over-hair-and-body-shampoo/500.html,All Over Hair & Body Shampoo,Paula's Choice,5000,5000,13.6,USD,InStock,"This versatile formula works beautifully to leave hair thoroughly clean and renewed. It also works equally as an all-over body wash. It works for every skin type, hair type, and scalp concern. 
<ul>
    <li>Concentrated formula</li>
    <li>Ideal for color-treated hair</li>
    <li>Rinses easily with no build-up or dryness</li>
    <li>No residue of any kind left on skin</li>
    <li>Fragrance-free formula is perfect for sensitive skin</li>
</ul>",https://www.paulaschoice.com/dw/image/v2/BBNX_PRD/on/demandware.static/-/Sites-pc-catalog/en_US/dw9d3d5903/images/products/all-over-hair-and-body-shampoo-5000-L.png?sw=2000&sfrm=png,4.1,322,c9d5399d-6bab-5039-88fc-a9c5d00f6cca,29/12/2021 02:25:53
https://www.paulaschoice.com/skin-balancing-ultra-sheer-daily-defense-broad-spectrum-spf-30/156.html,Ultra-Sheer Daily Defense Broad Spectrum SPF 30,Paula's Choice,1560,1560,23.2,USD,InStock,"A superlight daytime moisturizer that helps protect skin against premature aging with synthetic, broad-spectrum SPF 30 protection.
<ul>
    <li>Helps maintain an even, younger-looking complexion</li>
    <li>Helps keep excess shine in check</li>
    <li>Fluid formula leaves a soft matte finish</li>
    <li>Use as the last step in your AM skincare routine </li>
</ul>",https://www.paulaschoice.com/dw/image/v2/BBNX_PRD/on/demandware.static/-/Sites-pc-catalog/en_US/dw7f1cfcda/images/products/skin-balancing-ultra-sheer-daily-defense-spf-30-1560-L.png?sw=2000&sfrm=png,3.9000000000000004,320,d614088f-383b-51e1-aea2-40af71a3a539,29/12/2021 02:25:53
https://www.paulaschoice.com/hyaluronic-acid-booster/786.html,Hyaluronic Acid Booster,Paula's Choice,7860,7860,28.8,USD,InStock,"This concentrated hyaluronic acid booster replenishes moisture content in skin for a plump, supple and noticeably smoother appearance.
<ul>
    <li>Revives dehydrated, dull skin </li>
    <li>Improves the appearance of fine lines & wrinkles</li>
    <li>Fluid gel texture visibly plumps skin</li>
    <li>Use alone or add to your moisturizer or serum</li>
</ul>",https://www.paulaschoice.com/dw/image/v2/BBNX_PRD/on/demandware.static/-/Sites-pc-catalog/default/dw60c03770/images/products/resist-hyaluronic-acid-booster-7860-L.png?sw=2000&sfrm=png,3.8,341,d6b80907-d8e6-5419-b025-ec52a9944d83,29/12/2021 02:25:53
https://www.paulaschoice.com/gentle-cleansing-cloths/311.html,Gentle Cleansing Cloths,Paula's Choice,3110,3110,8.8,USD,InStock,"Makeup on? Take it off. Equal parts makeup remover, cleanser & hydrating toner—these cloths give you a convenient solution that goes beyond the bottle. 
<ul>
<li>Quickly removes makeup—including long-wear & waterproof </li>
<li>Natural ingredients cleanse & soothe skin</li>
<li>Durable, non-abrasive cloth</li>
<li>Fragrance-free formula with no need to rinse</li>
</ul>",https://www.paulaschoice.com/dw/image/v2/BBNX_PRD/on/demandware.static/-/Sites-pc-catalog/default/dw694ba96e/images/products/gentle-cleansing-cloths-3110-L.png?sw=2000&sfrm=png,3.5,85,5056da99-189a-5f10-9e30-862b25810f59,29/12/2021 02:25:53
https://www.paulaschoice.com/defense-hydrating-gel-to-cream-cleanser/221-2217.html,Hydrating Gel-to-Cream Cleanser,Paula's Choice,2217,2217,4.8,USD,InStock,"This gentle gel-to-cream cleanser removes dirt, oil and makeup, and rinses away skin-damaging pollutants that can cause premature signs of aging. 
<ul>
	<li>Superfood complex leaves skin looking fresh and radiant</li>
	<li>Unique texture transforms from soothing gel to skin-softening cream</li>
	<li>Use as the first step in your skincare routine</li>
</ul>",https://www.paulaschoice.com/dw/image/v2/BBNX_PRD/on/demandware.static/-/Sites-pc-catalog/default/dw5eda934b/images/products/defense-hydrating-gel-to-cream-cleanser-2217-M.png?sw=2000&sfrm=png,4.1,114,18b832ea-cf15-50e8-a117-d3193d6f4030,29/12/2021 02:25:53
https://www.paulaschoice.com/earth-sourced-power-berry-serum/853.html,Power Berry Serum,Paula's Choice,8530,8530,24.8,USD,InStock,"This 95% natural serum gives skin a healthy glow through a potent combination of berries selected for their proven antioxidant power in nature.
<ul>
<li>13 berries neutralize environmental damage</li>
<li>Preserves youthful-looking skin</li>
<li>Silicone-free, milky-gel texture lightly hydrates</li>
<li>All-natural pink shade</li>
</ul>",https://www.paulaschoice.com/dw/image/v2/BBNX_PRD/on/demandware.static/-/Sites-pc-catalog/default/dw328c6d74/images/products/earth-sourced-power-berry-serum-8530-L.png?sw=2000&sfrm=png,4.6,67,634c9d05-ab80-5364-9046-13429f0daac6,29/12/2021 02:25:53
https://www.paulaschoice.com/resist-barrier-repair-moisturizer-with-retinol/761.html,Barrier Repair Moisturizer with Retinol,Paula's Choice,7610,7610,26.4,USD,InStock,"A remarkable skin-renewing anti-aging moisturizer that nourishes dehydrated skin while promoting a firmer-looking, radiant complexion. 
<ul>
    <li>Advanced formula targets all signs of aging</li>
    <li>Retinol helps improve the appearance of wrinkles</li>
    <li>Hydrating, creamy formula</li>
    <li>Use as the last step in your PM skincare routine</li>
    <li>Low-strength 0.01% retinol concentration</li>
</ul>",https://www.paulaschoice.com/dw/image/v2/BBNX_PRD/on/demandware.static/-/Sites-pc-catalog/en_US/dwde63abf4/images/products/resist-barrier-repair-moisturizer-7610-L.png?sw=2000&sfrm=png,4.2,505,002f8af1-86f5-55fc-b283-d45b7e6f40e5,29/12/2021 02:25:53
https://www.paulaschoice.com/hydralight-shine-free-mineral-complex-spf-30/172.html,HYDRALIGHT Shine-Free Mineral Complex SPF 30,Paula's Choice,1720,1720,23.2,USD,InStock,"This antioxidant-enriched formula provides gentle, pure mineral broad-spectrum sun protection to defend skin from premature aging.
<ul>
<li>Diminishes the appearance of redness</li>
<li>Renews skin tone and vibrancy</li>
<li>Lightweight lotion leaves a soft matte finish</li>
</ul>",https://www.paulaschoice.com/dw/image/v2/BBNX_PRD/on/demandware.static/-/Sites-pc-catalog/default/dw6025a486/images/products/hydralight-shine-free-daily-mineral-complex-spf-30-1720-L.png?sw=2000&sfrm=png,4.1,362,fb2987e6-df15-5db3-a15b-7fb89f157f5b,29/12/2021 02:25:53
https://www.paulaschoice.com/10pct-azelaic-acid-booster/775.html,10% Azelaic Acid Booster,Paula's Choice,7750,7750,28.8,USD,InStock,"This unique formula uses potent azelaic acid, plus other powerhouse ingredients to clarify uneven tone, target stubborn spots and soothe irritation resulting in smoother, more radiant, younger-looking skin.
<ul>
<li>Azelaic acid’s effectiveness is backed by over 20 years of research</li>
<li>Lightweight, oil-free cream-gel texture</li>
<li>Use alone or add to your moisturizer or serum</li>
</ul>",https://www.paulaschoice.com/dw/image/v2/BBNX_PRD/on/demandware.static/-/Sites-pc-catalog/default/dwccf834e3/images/products/azelaic-acid-booster-7750-L.png?sw=2000&sfrm=png,4.1,319,870b7a77-c99d-5cc0-9a60-54e9cac05ddb,29/12/2021 02:25:53
https://www.paulaschoice.com/skin-balancing-super-antioxidant-concentrate-serum-with-retinol/335.html,Super Antioxidant Concentrate Serum with Retinol,Paula's Choice,3350,3350,28.8,USD,InStock,"A skin-renewing antioxidant serum with an effective but gentle amount of retinol that helps develop a balanced-looking complexion while helping defend against environmental stressors. 
<ul>
    <li>Replenishes and improves skin’s appearance</li>
    <li>Antioxidants soothe and recondition skin </li>
    <li>Weightless gel formula</li>
    <li>Use twice daily after cleansing, toning & exfoliating</li>
    <li>Low-strength 0.03% retinol concentration</li>
</ul>",https://www.paulaschoice.com/dw/image/v2/BBNX_PRD/on/demandware.static/-/Sites-pc-catalog/en_US/dw47fa4544/images/products/skin-balancing-super-antioxidant-concentrate-serum-3350-L.png?sw=2000&sfrm=png,3.8,374,b524d9be-2bb4-5234-b318-faca336694af,29/12/2021 02:25:53
https://www.paulaschoice.com/calm-redness-relief-moisturizer-for-normal-to-dry-skin/9140.html,Redness Relief Moisturizer for Normal to Dry Skin,Paula's Choice,9140,9140,21.75,USD,InStock,"An age-defying moisturizer formulated for soothing skin relief and drenching hydration. Gentle nourishment for visible plumping, radiance, and diminished appearance of wrinkles.
<ul>
    <li>Nourishing plant oils and antioxidants soothe skin</li>
    <li>Enriches skin to ease redness & sensitivity</li>
    <li>Silky, soothing cream leaves a radiant finish</li>
    <li>Use as the last step in your PM skincare routine</li>
</ul>",https://www.paulaschoice.com/dw/image/v2/BBNX_PRD/on/demandware.static/-/Sites-pc-catalog/en_US/dw2d21e56e/images/products/calm-restoring-moisturizer-normal-to-dry-9140-L.png?sw=2000&sfrm=png,3.5999999999999996,89,9fcc8094-8b71-5a21-bf7b-33e902657d22,29/12/2021 02:25:54
https://www.paulaschoice.com/calm-redness-relief-toner-for-normal-to-oily-skin/9160.html,Redness Relief Toner for Normal to Oily Skin,Paula's Choice,9160,9160,16.8,USD,InStock,"A lightweight toner that calms the appearance of redness and soothes sensitive skin while skin-replenishing ingredients nourish and lightly hydrate skin.
<ul>
    <li>Helps reinforce a healthy barrier</li>
    <li>Works immediately to soothe skin</li>
    <li>Non-greasy, liquid texture </li>
    <li>Use twice daily after cleansing skin</li>
</ul>",https://www.paulaschoice.com/dw/image/v2/BBNX_PRD/on/demandware.static/-/Sites-pc-catalog/en_US/dwb98de152/images/products/calm-redness-relief-toner-oily-9160-L.png?sw=2000&sfrm=png,3.1,65,fe7bd140-7827-582a-b5a7-1bdc6a8b7b8f,29/12/2021 02:25:54
https://www.paulaschoice.com/clear-oil-free-moisturizer/380-3807.html,Oil-Free Moisturizer,Paula's Choice,3807,3807,6.4,USD,InStock,"Provides soothing hydration that won’t clog pores or cause breakouts. Weightless, oil-free moisturizer is specially formulated for blemish-prone skin.
<ul>
<li>Lightly hydrates breakout-prone skin without adding oil or shine</li>
<li>Pore-minimizing niacinamide soothes flaky skin</li>
<li>Sheer, ceramide-infused lotion calms redness</li>
<li>Use as the last step in your PM skincare routine</li>
</ul>",https://www.paulaschoice.com/dw/image/v2/BBNX_PRD/on/demandware.static/-/Sites-pc-catalog/default/dw3709d7d5/images/products/clear-oil-free-moisturizer-3807-M.png?sw=2000&sfrm=png,3.7,151,bcf44062-030d-5e53-b865-38227fcc2a07,29/12/2021 02:25:54
https://www.paulaschoice.com/calm-redness-relief-spf-30-mineral-moisturizer-for-normal-to-dry-skin/9130.html,Redness Relief SPF 30 Mineral Moisturizer for Normal to Dry Skin,Paula's Choice,9130,9130,23.2,USD,InStock,"A mineral-based sunscreen that replenishes dry, sensitive skin with smoothing hydration while protecting it against damaging UVA/UVB  rays.<ul>
    <li>Diminishes the appearance of redness</li>
    <li>Helps keep skin looking younger, longer</li>
<li>Creamy lotion texture
    <li>Use as the last step in your AM skincare routine</li>
</ul>",https://www.paulaschoice.com/dw/image/v2/BBNX_PRD/on/demandware.static/-/Sites-pc-catalog/en_US/dwe307fdcd/images/products/calm-redness-relief-spf-30-mineral-moisturizer-dry-9130-L.png?sw=2000&sfrm=png,3.9000000000000004,136,ab47fac8-e6f4-59a3-89f5-9381272a90ee,29/12/2021 02:25:54
https://www.paulaschoice.com/defense-hydrating-gel-to-cream-cleanser/221.html,Hydrating Gel-to-Cream Cleanser,Paula's Choice,2210,2210,14.4,USD,InStock,"This gentle gel-to-cream cleanser removes dirt, oil and makeup, and rinses away skin-damaging pollutants that can cause premature signs of aging. 
<ul>
	<li>Superfood complex leaves skin looking fresh and radiant</li>
	<li>Unique texture transforms from soothing gel to skin-softening cream</li>
	<li>Use as the first step in your skincare routine</li>
</ul>",https://www.paulaschoice.com/dw/image/v2/BBNX_PRD/on/demandware.static/-/Sites-pc-catalog/default/dwe7768fd7/images/products/defense-hydrating-gel-to-cream-cleanser-2210-L.png?sw=2000&sfrm=png,4.1,114,182441dc-b7ab-5e57-a590-91128af2da14,29/12/2021 02:25:54
https://www.paulaschoice.com/pore-clarifying-charcoal-gel-mask/265.html,Pore Clarifying Charcoal Gel Mask,Paula's Choice,2650,2650,24,USD,InStock,"Balance oily skin and decongest pores with charcoal and natural clays suspended in a soothing gel mask for a refreshed, shine-free complexion.
<ul>
<li>Charcoal draws out pore-congesting debris</li>
<li>Absorbent clays mattify oily shine </li>
<li>Refreshing gel formula balances hydration </li>
<li>Use on cleansed skin as often as desired</li>
</ul>",https://www.paulaschoice.com/dw/image/v2/BBNX_PRD/on/demandware.static/-/Sites-pc-catalog/default/dwafd8289c/images/products/pore-clarifying-charcoal-gel-mask-2650-L.png?sw=2000&sfrm=png,4.1,50,00c5aeaf-3dae-5e68-abb2-51f4dcef880a,29/12/2021 02:25:54
https://www.paulaschoice.com/defense-antioxidant-pore-purifier/220.html,Antioxidant Pore Purifier,Paula's Choice,2200,2200,24.8,USD,InStock,"Clear pores of daily debris and pollution plus brighten skin with a blend of antioxidants, salicylic acid and other skin-fortifying ingredients. 
<ul>
<li>Helps protect skin from environmental damage</li>
<li>Salicylic acid clears and refines pores</li>
<li>Ultra-lightweight fluid texture</li>
<li>Apply once or twice daily after cleansing</li>
</ul>",https://www.paulaschoice.com/dw/image/v2/BBNX_PRD/on/demandware.static/-/Sites-pc-catalog/default/dw05e6e9f5/images/products/defense-antioxidant-pore-purifier-2200-L.png?sw=2000&sfrm=png,4.2,110,f6f624dc-261b-5d36-8155-e69df084199b,29/12/2021 02:25:54
https://www.paulaschoice.com/resist-intensive-wrinkle-repair-retinol-serum/771.html,Intensive Wrinkle-Repair Retinol Serum,Paula's Choice,7710,7710,33.6,USD,InStock,"This extravagantly silky serum blends pure retinol and potent antioxidants to help impart firmer-feeling skin, smooth and soften fine lines and wrinkles, and provide hydration so skin of any age can look radiant and revitalized.
<ul>
    <li>Stabilized retinol improves the appearance of wrinkles</li>
    <li>Vitamin C helps brighten and replenish skin</li>
    <li>Silky serum leaves skin soft and smooth</li>
    <li>Use twice daily after cleansing, toning & exfoliating</li>
    <li>Mid-strength 0.1% retinol concentration</li>
</ul>",https://www.paulaschoice.com/dw/image/v2/BBNX_PRD/on/demandware.static/-/Sites-pc-catalog/en_US/dwd755cce8/images/products/resist-intensive-wrinkle-repair-retinol-serum-7710-L.png?sw=2000&sfrm=png,4.1,639,66b721ff-73e2-5db5-bc5b-01e277822b63,29/12/2021 02:25:54
https://www.paulaschoice.com/clinical-ceramide-enriched-firming-eye-cream/216.html,Ceramide-Enriched Firming Eye Cream,Paula's Choice,2160,2160,36,USD,InStock,"This hydrating eye cream visibly smooths under eye wrinkles with a concentrated blend of five replenishing ceramides, four forms of brightening vitamin C, two peptides and clinically proven retinol. 
<ul>
<li>Vitamin C visibly firms & brightens eye area</li>
<li>Retinol quickly reduces the look of deep wrinkles</li>
<li>Rich, creamy lotion intensely hydrates</li>
<li>Use twice daily as needed</li>
<li>Low-strength 0.01% retinol concentration</li>
</ul>",https://www.paulaschoice.com/dw/image/v2/BBNX_PRD/on/demandware.static/-/Sites-pc-catalog/en_US/dw27345e38/images/products/clinical-ceramide-enriched-firming-eye-cream-2160-L.png?sw=2000&sfrm=png,3.2,140,633f5ca6-2978-5e8b-87df-4fd6ebce1749,29/12/2021 02:25:54
https://www.paulaschoice.com/defense-essential-glow-moisturizer-spf-30/223-2237.html,Essential Glow Moisturizer SPF 30,Paula's Choice,2237,2237,8,USD,InStock,"This illuminating moisturizer shields skin with all-mineral sun protection plus antioxidants to help protect against the effects of environmental damage.
<ul>
<li>Creates an instant, healthy glow for makeup-optional skin</li>
<li>12 antioxidants visibly diminish the signs of environment-based aging</li>
<li>Lightweight, illuminating cream</li>
<li>Apply as the last step of your morning routine</li>
</ul>",https://www.paulaschoice.com/dw/image/v2/BBNX_PRD/on/demandware.static/-/Sites-pc-catalog/en_US/dwa98989a1/images/products/defense-essential-glow-moisturizer-spf-30-2237-M.png?sw=2000&sfrm=png,3.7,351,33670d5e-855a-5072-af9a-a784ee6d57ec,29/12/2021 02:25:54
https://www.paulaschoice.com/tighten-and-reshape-pores-kit/34199.html,Tighten + Reshape Pores Kit,Paula's Choice,34199,34199,68.95,USD,InStock,"Rapidly unclog, visibly tighten and reshape stretched, enlarged pores while smoothing bumpy, 'orange-peel' texture with clinically proven ingredients. 
<ul>
<li>BHA clears & decongests pore lining</li>
<li>Niacinamide helps normalize pore function</li>
<li>Antioxidants & ceramides visibly repair</li>
</ul>",https://www.paulaschoice.com/dw/image/v2/BBNX_PRD/on/demandware.static/-/Sites-pc-catalog/en_US/dwdeadfaca/images/products/tighten-and-reshape-pores-kit-34199-L.png?sw=2000&sfrm=png,,,70de7190-0a48-5c9d-a0f4-3eab70a7f823,29/12/2021 02:25:54
https://www.paulaschoice.com/pc4men-shave/871.html,Shave,Paula's Choice,8710,8710,10.4,USD,InStock,"Stop the redness and discomfort most shave products cause. This ultra-soothing shave cream allows for a close, yet comfortable shave and rinses easily.
<ul>
    <li>Calms and smooths skin</li>
    <li>Rich cream rinses clean</li>
    <li>Fragrance and menthol free</li>
</ul>",https://www.paulaschoice.com/dw/image/v2/BBNX_PRD/on/demandware.static/-/Sites-pc-catalog/default/dw38299a4f/images/products/pc4men-shave-8710-L.png?sw=2000&sfrm=png,3.9000000000000004,49,54cffc1f-31c6-5598-9acc-904b648a0e93,29/12/2021 02:25:55
https://www.paulaschoice.com/weightless-body-treatment-2pct-bha/570.html,Weightless Body Treatment 2% BHA,Paula's Choice,5700,5700,22.4,USD,InStock,"This leave-on body exfoliant with 2% BHA, also known as salicylic acid, gently exfoliates built-up layers of dead skin to reveal the radiant, smooth skin hiding underneath.
<ul>
    <li>2% salicylic acid softens and refines rough skin</li>
    <li>Antioxidants safeguard skin and keep it healthy</li>
    <li>Silky lightweight lotion feels beautiful on skin</li>
    <li>Ideal for hard, clogged pores on the arms and legs</li>
</ul>",https://www.paulaschoice.com/dw/image/v2/BBNX_PRD/on/demandware.static/-/Sites-pc-catalog/en_US/dwbc867d35/images/products/weightless-body-treatment-2-percent-bha-5700-L.png?sw=2000&sfrm=png,4.3,652,b773b7a6-bb36-5a7b-ad11-9a3148b576a6,29/12/2021 02:25:55
https://www.paulaschoice.com/daily-replenishing-body-cream/345.html,Daily Replenishing Body Cream,Paula's Choice,3450,3450,17.6,USD,InStock,"Hydrate, smooth and protect your skin all over with a sheer, fast-absorbing formula packed with antioxidants, ceramides and a targeted peptide.
<ul>
<li>Smooths and firms, and helps skin retain moisture</li>
<li>Natural plant oils replenish for an all-over glow</li>
<li>Absorbs quickly for a sheer, non-greasy finish</li>
<li>Use from the neck down, as often as desired</li>
</ul>",https://www.paulaschoice.com/dw/image/v2/BBNX_PRD/on/demandware.static/-/Sites-pc-catalog/default/dwbd58d422/images/products/daily-replenishing-body-cream-3450-L.png?sw=2000&sfrm=png,4.1,47,2409cca4-ecd2-573f-aa33-95e4150daee2,29/12/2021 02:25:55
https://www.paulaschoice.com/moisture-boost-hydrating-treatment-cream/350.html,MOISTURE BOOST Hydrating Treatment Cream,Paula's Choice,3500,3500,23.2,USD,InStock,"Replenishes and restores lost moisture, leaving you with smooth, comfortable, younger-looking skin.
<ul>
	<li>Emollients and plant oils restore supple, smooth skin</li>
        <li>Antioxidants help skin look and feel younger</li>
        <li>Luxurious cream</li>
<li> Use as the last step in your PM skincare routine</li>
</ul>",https://www.paulaschoice.com/dw/image/v2/BBNX_PRD/on/demandware.static/-/Sites-pc-catalog/default/dw46cb3a90/images/products/moisture-boost-hydrating-treatment-cream-3500-L.png?sw=2000&sfrm=png,4.5,347,20c38a68-d03a-5fbd-b84a-7626af71e7c2,29/12/2021 02:25:55
https://www.paulaschoice.com/the-unscrub/740.html,The UnScrub,Paula's Choice,7400,7400,23.2,USD,InStock,"This one-of-a-kind, gentle cleansing face scrub whisks away makeup, sunscreen and impurities while renewing skin with round, biodegradable jojoba beads.
<ul>
<li>Thoroughly cleanses without disrupting skin's barrier</li>
<li>Natural, dissolvable beads gently cleanse skin</li>
<li>Milky, gel texture rinses easily</li>
<li>Use alone or as one step of a double cleanse</li>
</ul>",https://www.paulaschoice.com/dw/image/v2/BBNX_PRD/on/demandware.static/-/Sites-pc-catalog/en_US/dw2a7ccf91/images/products/the-unscrub-7400-L.png?sw=2000&sfrm=png,4,164,da6bdf16-a5a4-5ad8-b37d-e8ee15b3f268,29/12/2021 02:25:55
https://www.paulaschoice.com/clear-ultra-light-daily-hydrating-fluid-spf-30and/613.html,Ultra-Light Daily Hydrating Fluid SPF 30+,Paula's Choice,6130,6130,26.4,USD,InStock,"A synthetic, shine-free fluid that visibly minimizes pores and helps protect skin from sun damage to maintain a healthy, clear complexion. 
<ul>
    <li>Helps reduce early signs of aging</li>
    <li>Alleviates dryness and flaking </li>
<li>Fluid formula leaves a matte finish</li>
    <li>Use as the last step in your AM skincare routine</li>
</ul>",https://www.paulaschoice.com/dw/image/v2/BBNX_PRD/on/demandware.static/-/Sites-pc-catalog/default/dw5ae23679/images/products/clear-ultra-light-daily-hydrating-fluid-spf-30-6130-L.png?sw=2000&sfrm=png,3.8,208,550f1d33-5428-5d6c-afbd-4fa68fb345fc,29/12/2021 02:25:55
https://www.paulaschoice.com/skin-perfecting-8pct-aha-gel-exfoliant/190.html,8% AHA Gel Exfoliant,Paula's Choice,1900,1900,23.6,USD,InStock,"A unique AHA gel exfoliant with glycolic acid that removes built-up layers of dead skin revealing smoother, firmer-looking skin.
<ul>
    <li>Revitalizes uneven skin tone</li>
    <li>Smooths the appearance of wrinkles</li>
    <li>Weightless gel texture perfects skin’s surface </li>
    <li>Use up to twice daily after cleansing & toning skin</li>
</ul>",https://www.paulaschoice.com/dw/image/v2/BBNX_PRD/on/demandware.static/-/Sites-pc-catalog/en_US/dw20b24468/images/products/skin-perfecting-8-percent-aha-gel-1900-L.png?sw=2000&sfrm=png,4.1,391,2bd5e22a-6697-5642-842b-6cd10cc67f1d,29/12/2021 02:25:55
https://www.paulaschoice.com/calm-redness-relief-cleanser-for-normal-to-oily-skin/9150.html,Redness Relief Cleanser for Normal to Oily Skin,Paula's Choice,9150,9150,14.4,USD,InStock,"This multi-action cleansing gel removes impurities and makeup while softening and calming skin.  Formulated with the most soothing ingredients, it’s gentle enough even for skin prone to rosacea.
<ul>
    <li>Ideal for those with sensitive skin</li>
    <li>Promotes healthy-looking skin & eases redness</li>
    <li>Refreshing gel texture won’t leave skin dry or tight</li>
    <li>Use as the first step in your AM/PM skincare routine</li>
</ul>",https://www.paulaschoice.com/dw/image/v2/BBNX_PRD/on/demandware.static/-/Sites-pc-catalog/en_US/dwdffb3407/images/products/calm-redness-relief-cleanser-oily-9150-L.png?sw=2000&sfrm=png,3.7,41,3f316344-c1d4-5869-9b34-c7a86dce490c,29/12/2021 02:25:55
https://www.paulaschoice.com/resist-anti-aging-eye-cream/790.html,Anti-Aging Eye Cream,Paula's Choice,7900,7900,27.2,USD,InStock,"Unique, long-lasting balm-like cream for brightening and overnight hydration, with results you will see and feel the next morning.
<ul>
<li>Proprietary blend of anti-aging ingredients</li>
    <li>Brightens, softens, and enriches skin </li>
    <li>Use nightly as the last step in your evening routine </li>
</ul>",https://www.paulaschoice.com/dw/image/v2/BBNX_PRD/on/demandware.static/-/Sites-pc-catalog/en_US/dwa5e8d591/images/products/resist-anti-aging-eye-cream-7900-L.png?sw=2000&sfrm=png,3.5999999999999996,376,ea91a586-4270-595b-b5cf-89bcfe56ed26,29/12/2021 02:25:56
https://www.paulaschoice.com/hydralight-one-step-face-cleanser/110.html,HYDRALIGHT One Step Face Cleanser,Paula's Choice,1100,1100,14.4,USD,InStock,"A unique gel cleanser that easily removes excess oil, impurities, and makeup while leaving skin feeling refreshed and smooth.
<ul>
<li>Mild cleansing promotes healthy, luminous skin</li>
<li>Lightweight but concentrated gel formula</li>
<li>Use as the first step in your AM/PM skincare routine</li>
</ul>",https://www.paulaschoice.com/dw/image/v2/BBNX_PRD/on/demandware.static/-/Sites-pc-catalog/default/dw42196650/images/products/hydralight-one-step-face-cleanser-1100-L.png?sw=2000&sfrm=png,4.2,266,c3d06c72-712f-5e4f-a530-406d56a0001b,29/12/2021 02:25:56
https://www.paulaschoice.com/resist-advanced-pore-refining-treatment-4pct-bha/7791.html,Advanced Pore-Refining Treatment 4% BHA,Paula's Choice,7791,7791,29.6,USD,InStock,"When it’s time to take it to the next level, this powerful-yet-gentle, antioxidant-rich exfoliant with salicylic acid goes deep to unclog pores for smoother younger-looking skin.
<ul>
    <li>BHA clears & minimizes the look of congested pores</li>
    <li>Antioxidants visibly fight signs of aging </li>
    <li>Lightweight serum texture for all skin types</li>
    <li>Use up to twice daily after cleansing & toning skin</li>
</ul>",https://www.paulaschoice.com/dw/image/v2/BBNX_PRD/on/demandware.static/-/Sites-pc-catalog/en_US/dwc86436d7/images/products/resist-advanced-pore-refining-treatment-with-4-percent-bha-7791-L.png?sw=2000&sfrm=png,4.3,188,0e778d49-0463-5462-98e8-480824ae9aa8,29/12/2021 02:25:56
https://www.paulaschoice.com/pc4men-daytime-protect/873.html,Daytime Protect,Paula's Choice,8730,8730,23.2,USD,InStock,"A broad-spectrum moisturizer with synthetic SPF 30 with a barely-there feel and shine-free finish that protects skin from sun damage and premature signs of aging. 
<ul>
    <li>Protects skin from harmful sun rays</li>
    <li>Weightless formula isn’t sticky on skin</li>
    <li>Use as the last step in your AM skincare routine</li>
</ul>",https://www.paulaschoice.com/dw/image/v2/BBNX_PRD/on/demandware.static/-/Sites-pc-catalog/default/dw4721463b/images/products/pc4men-daytime-protect-spf-30-8730-L.png?sw=2000&sfrm=png,3.9000000000000004,45,76a9ec0c-b51e-5842-a4e8-e3f5dbce91db,29/12/2021 02:25:56
https://www.paulaschoice.com/hyaluronic-acid-and-ceramide-dietary-supplement/9570.html,Hyaluronic Acid + Ceramide Dietary Supplement,Paula's Choice,9570,9570,31.2,USD,InStock,"This innovative skin care supplement promotes soft, hydrated, healthier skin from the inside out with a powerful blend of nourishing ingredients that support its natural collagen.
<ul>
<li>Hyaluronic acid boosts hydration & visibly softens lines</li>
<li>Glucosylceramides restore skin’s moisture barrier</li>
<li>11 antioxidant-rich berries fight free radical damage</li>
<li>Vegan, gluten-, soy- & dairy-free</li>
</ul>",https://www.paulaschoice.com/dw/image/v2/BBNX_PRD/on/demandware.static/-/Sites-pc-catalog/default/dw76b89bb1/images/products/hyaluronic-acid-ceramide-dietary-supplement-9570-L.png?sw=2000&sfrm=png,4.4,32,808a7652-e2e1-5fbf-aada-fa7532afea2d,29/12/2021 02:25:56
https://www.paulaschoice.com/skin-perfecting-25pct-aha-and-2pct-bha-exfoliant-peel/9560.html,25% AHA + 2% BHA Exfoliant Peel,Paula's Choice,9560,9560,31.2,USD,InStock,"A multi-acid, rinse-off exfoliant peel that dramatically resurfaces skin to visibly smooth wrinkles, refine rough, bumpy texture, brighten tone &amp; unclog pores.
<ul>
	<li>25% AHA blend addresses advanced signs of aging</li>
	<li>2% BHA unclogs &amp; decongests enlarged pores</li>
	<li>Smooth, liquid-gel texture</li>
	<li>Rinse-off formula leaves skin soft &amp; glowing</li>
</ul>",https://www.paulaschoice.com/dw/image/v2/BBNX_PRD/on/demandware.static/-/Sites-pc-catalog/default/dw79bce829/images/products/25-percent-aha-2-percent-bha-exfoliant-peel-9560-L.png?sw=2000&sfrm=png,4.4,126,1eb3ee84-5fc1-52d9-b611-023592caa5ce,29/12/2021 02:25:56
https://www.paulaschoice.com/lip-and-body-treatment-balm/550.html,Lip & Body Treatment Balm,Paula's Choice,5500,5500,12,USD,InStock,"This astoundingly long-lasting, decadently emollient lip balm offers on-the-spot relief for dry, rough lips or for skin anywhere on the body, such as on the elbows, or even for the nails. 
<ul>
    <li>Targeted relief for dry lips, cuticles, heels, and elbows</li>
    <li>Transforms dry skin with first application </li>
    <li>Concentrated formula has a rich texture that lasts </li>
</ul>",https://www.paulaschoice.com/dw/image/v2/BBNX_PRD/on/demandware.static/-/Sites-pc-catalog/en_US/dwdbaf201f/images/products/lip-and-body-treatment-balm-5500-L.png?sw=2000&sfrm=png,4.6,409,2ccc2c24-af98-556a-856a-d216efe1fd6b,29/12/2021 02:25:56
https://www.paulaschoice.com/omegaand-complex-serum/213.html,Omega+ Complex Serum,Paula's Choice,2130,2130,29.6,USD,InStock,"Superfood for your skin! Omega fatty acids in this serum strengthen skin’s surface with the essential nutrients needed for healthy, hydrated, visibly stronger skin.
<ul>
<li>Fortifies skin against environmental damage</li>
<li>Lightweight formula nourishes skin’s moisture barrier </li>
<li>Use twice daily after cleansing, toning & exfoliating </li>
</ul>",https://www.paulaschoice.com/dw/image/v2/BBNX_PRD/on/demandware.static/-/Sites-pc-catalog/en_US/dwfe7f94b6/images/products/omega-complex-serum-2130-L.png?sw=2000&sfrm=png,4.2,319,2458240e-ade9-5a86-9365-0ea4c9af76bf,29/12/2021 02:25:56
https://www.paulaschoice.com/resist-intensive-repair-cream/781.html,Intensive Repair Cream,Paula's Choice,7810,7810,26.4,USD,InStock,"A concentrated anti-aging moisturizing cream infused with skin-restoring ingredients to significantly improve skin’s texture, smoothness, and hydration, renewing a beautifully youthful and healthy glow.
<ul>
    <li>Promotes a firmer-looking, younger complexion</li>
    <li>Retinol is an anti-aging superstar ingredient</li>
    <li>Rich ultra-creamy formula</li>
    <li>Use as the last step in your PM skincare routine</li>
    <li>Low-strength 0.01% retinol concentration</li>
</ul>",https://www.paulaschoice.com/dw/image/v2/BBNX_PRD/on/demandware.static/-/Sites-pc-catalog/en_US/dw9e876f5b/images/products/resist-intensive-repair-cream-7810-L.png?sw=2000&sfrm=png,4.3,248,04d01238-35d5-511a-8c8e-1001c5963e3f,29/12/2021 02:25:56
https://www.paulaschoice.com/reusable-cotton-rounds/3029.html,Reusable Cotton Rounds,Paula's Choice,93029,93029,12,USD,InStock,"10 soft, sustainable, durable cotton rounds that can be washed and reused over and over again.
<ul>
<li>Rounds: 70% bamboo, 30% cotton / 3"" diameter (7.62cm diameter)</li>
<li>Bag: 100% cotton / 4.5"" W x 5.5"" L (11.43cm W x 13.97cm L)</li>
</ul>",https://www.paulaschoice.com/dw/image/v2/BBNX_PRD/on/demandware.static/-/Sites-pc-catalog/default/dwe8a66034/images/products/cotton-rounds-93029-L.png?sw=2000&sfrm=png,3.8,54,18d9664a-ebdf-5e47-bb14-f862000db136,29/12/2021 02:25:56
https://www.paulaschoice.com/omegaand-complex-kit/34198.html,Omega+ Complex Kit,Paula's Choice,34198,34198,69.3,USD,InStock,"Soften, smooth and strengthen your skin with moisture-building formulas made with omega fatty acids that counteract dehydration and promote glow.
<ul>
<li>Thoroughly cleanse & soften in one step</li>
<li>Visibly minimize eye area wrinkles & lines</li>
<li>Lock in lasting hydration </li>
</ul>",https://www.paulaschoice.com/dw/image/v2/BBNX_PRD/on/demandware.static/-/Sites-pc-catalog/en_US/dw8c0917d3/images/views/omega-complex-trio-34198-L.png?sw=2000&sfrm=png,4,1,d7b430d1-73bb-5173-8bcd-9a2e9998ed74,29/12/2021 02:25:56
https://www.paulaschoice.com/skin-balancing-invisible-finish-moisture-gel/340.html,Invisible Finish Moisture Gel,Paula's Choice,3400,3400,23.2,USD,InStock,"A moisturizer that provides essential hydration, helps minimize the appearance of pores, and provides antioxidants to help defend against environmental assault. 
<ul>
    <li>Refreshes and hydrates skin</li>
    <li>Lightweight gel formula</li>
    <li>Use as the last step in your PM skincare routine</li>
</ul>",https://www.paulaschoice.com/dw/image/v2/BBNX_PRD/on/demandware.static/-/Sites-pc-catalog/en_US/dw7b86584b/images/products/skin-balancing-invisible-finish-moisture-gel-3400-L.png?sw=2000&sfrm=png,4.2,396,f8703296-9e82-5f76-be6a-84c7ce6425b1,29/12/2021 02:25:56
https://www.paulaschoice.com/defense-essential-glow-moisturizer-spf-30/223.html,Essential Glow Moisturizer SPF 30,Paula's Choice,2230,2230,23.2,USD,InStock,"This illuminating moisturizer shields skin with all-mineral sun protection plus antioxidants to help protect against the effects of environmental damage.
<ul>
<li>Creates an instant, healthy glow for makeup-optional skin</li>
<li>12 antioxidants visibly diminish the signs of environment-based aging</li>
<li>Lightweight, illuminating cream</li>
<li>Apply as the last step of your morning routine</li>
</ul>",https://www.paulaschoice.com/dw/image/v2/BBNX_PRD/on/demandware.static/-/Sites-pc-catalog/en_US/dw0e464cbb/images/products/defense-essential-glow-moisturizer-spf-30-2230-L.png?sw=2000&sfrm=png,3.7,351,a8a5d611-48bc-5fd1-a0a3-ed6c23deb473,29/12/2021 02:25:56
https://www.paulaschoice.com/perfect-cleansing-oil/314.html,Perfect Cleansing Oil,Paula's Choice,3140,3140,20,USD,InStock,"This skin-replenishing blend of plant oils rapidly dissolves makeup and whisks away impurities, while leaving skin soft and smooth—with no greasy residue. 
<ul>
    <li>Effortlessly removes makeup (even waterproof)</li>
    <li>Sunflower & coconut oils hydrate & nourish skin</li>
    <li>Creates a milky emulsion when mixed with water</li>
    <li>Use as the first step in your AM/PM skincare routine</li>
</ul>",https://www.paulaschoice.com/dw/image/v2/BBNX_PRD/on/demandware.static/-/Sites-pc-catalog/default/dw9740da85/images/products/perfect-cleansing-oil-3140-L.png?sw=2000&sfrm=png,3.5999999999999996,203,b233759c-ee21-5135-a2f3-ba38814e2c65,29/12/2021 02:25:56
https://www.paulaschoice.com/resist-skin-restoring-moisturizer-with-spf-50/797.html,Skin Restoring Moisturizer with SPF 50,Paula's Choice,7970,7970,26.4,USD,InStock,"<p>This antioxidant-rich moisturizer hydrates and protects with superstar ingredients like niacinamide, shea butter and licorice for flawless, younger-looking skin.</p>

<ul>
	<li>Helps prevent premature aging</li>
	<li>Antioxidants protect against environmental stressors</li>
	<li>Hydrating cream leaves a dewy finish</li>
	<li>Use as the last step in your AM skincare routine</li>
</ul>",https://www.paulaschoice.com/dw/image/v2/BBNX_PRD/on/demandware.static/-/Sites-pc-catalog/en_US/dwd5773a88/images/products/resist-skin-restoring-moisturizer-spf-50-7970-L.png?sw=2000&sfrm=png,3.7,162,2790ba90-7f58-5361-9c8e-d50b3cf78852,29/12/2021 02:25:57
https://www.paulaschoice.com/pro-level-smooth-and-renew-kit/34201.html,Pro-Level Smooth + Renew Kit,Paula's Choice,34201,34201,60.9,USD,InStock,"Completely transform rough, lackluster skin with advanced treatments powered by concentrated AHA, BHA and niacinamide. 
<ul>
<li>25% AHA blend addresses advanced signs of aging</li>
<li>2% BHA unclogs & decongests enlarged pores</li>
<li>20% niacinamide tightens stretched pores</li>
</ul>",https://www.paulaschoice.com/dw/image/v2/BBNX_PRD/on/demandware.static/-/Sites-pc-catalog/default/dwe8d46669/images/products/pro-level-smooth-and-renew-kit-34201-L-1320.png?sw=2000&sfrm=png,,,db48966c-2ccd-54cd-ac1f-a42baf38cfb9,29/12/2021 02:25:57
https://www.paulaschoice.com/pc4men-body-wash/876.html,Body Wash,Paula's Choice,8760,8760,10.4,USD,InStock,"Bar soap can be drying and make skin rough and uncomfortable. Instead, this gel body wash thoroughly cleanses and refreshes every inch of you, and can even be used on your hair. 
<ul>
    <li>Gets rid of dirt, oil, and sweat without drying skin </li>
    <li>Makes a great shampoo</li>
    <li>Rinses clean and isn’t slippery</li>
    <li>Softens skin and hair</li>
    <li>Fragrance-free</li>
</ul>",https://www.paulaschoice.com/dw/image/v2/BBNX_PRD/on/demandware.static/-/Sites-pc-catalog/default/dwe24561fb/images/products/pc4men-body-wash-8760-L.png?sw=2000&sfrm=png,4.6,16,0cf398cb-e417-5f30-96dd-bc2a792335a3,29/12/2021 02:25:57
https://www.paulaschoice.com/explore-exfoliation-mini-kit/4195.html,Explore Exfoliation Mini Kit,Paula's Choice,34195,34195,20,USD,InStock,"Determine exactly which exfoliant is right for you by experimenting with three of our top BHA and AHA formulas for face and body. Mix and match to address enlarged pores, rough texture, bumps and dullness.
<ul>
<li>2% BHA for face unclogs & minimizes enlarged pores</li>
<li>8% AHA gently resurfaces & revitalizes</li>
<li>2% BHA for body smooths rough, bumpy body texture</li>
</ul>",https://www.paulaschoice.com/dw/image/v2/BBNX_PRD/on/demandware.static/-/Sites-pc-catalog/en_US/dw8bc0f969/images/products/exfoliant-mini-size-kit-34195-B.png?sw=2000&sfrm=png,,,574bd518-5eb6-52fc-84f3-3b87bb4d456a,29/12/2021 02:25:57
https://www.paulaschoice.com/radiance-renewal-mask/277.html,Radiance Renewal Mask,Paula's Choice,2771,2771,28.8,USD,InStock,"A silky, rich, overnight skin-brightening mask that turns a dull complexion into a refreshed, luminous and hydrated glow.
<ul>
    <li>Provides skin-softening hydration </li>
    <li>Contains our proprietary multi-brightening complex</li>
    <li>Silky-smooth, supple gel formula</li>
    <li>Use as the last step in your evening skincare routine</li>
</ul>",https://www.paulaschoice.com/dw/image/v2/BBNX_PRD/on/demandware.static/-/Sites-pc-catalog/en_US/dw74384822/images/products/radiance-renewal-mask-2771-L.png?sw=2000&sfrm=png,4.1,143,5e7708d6-8222-580b-8f34-ce5bcf5dd2e0,29/12/2021 02:25:57
https://www.paulaschoice.com/c25-super-booster/785.html,C25 Super Booster,Paula's Choice,7850,7850,44,USD,InStock,"Target and minimize the look of stubborn dark spots, red marks and other imperfections with a 25% concentration of stabilized vitamin C for a dramatically more even complexion overall. 
<ul>
    <li>Patented time-release delivery system</li>
    <li>Highly-concentrated Vitamin C visibly diminishes spots</li>
    <li>Silky, rich texture </li>
    <li>Use alone or add to your moisturizer or serum</li>
</ul>",https://www.paulaschoice.com/dw/image/v2/BBNX_PRD/on/demandware.static/-/Sites-pc-catalog/en_US/dw0e13f0c6/images/products/resist-vitamin-c-spot-treatment-7850-L.png?sw=2000&sfrm=png,3.7,233,0f892de1-78a9-515d-b935-bed199477a47,29/12/2021 02:25:57
https://www.paulaschoice.com/skin-perfecting-8pct-aha-lotion-exfoliant/206.html,8% AHA Lotion Exfoliant,Paula's Choice,2060,2060,23.6,USD,InStock,"A moisturizing AHA lotion exfoliant that gently removes built-up layers of dead skin to reveal remarkably smoother and softer skin.
<ul>
    <li>Combines 8% glycolic acid with antioxidants</li>
    <li>Reduces the appearance of fine lines and wrinkles</li>
    <li>Hydrating lotion helps hold skin's moisture </li>
    <li>Use up to twice daily after cleansing & toning skin</li>
</ul>",https://www.paulaschoice.com/dw/image/v2/BBNX_PRD/on/demandware.static/-/Sites-pc-catalog/en_US/dw93fa473e/images/products/skin-perfecting-8-percent-aha-lotion-2060-L.png?sw=2000&sfrm=png,4.2,48,bc2a861e-9ef3-5049-a029-9388ee1d2821,29/12/2021 02:25:57
https://www.paulaschoice.com/super-hydrate-overnight-mask/287-2870.html,Super Hydrate Overnight Mask,Paula's Choice,2870,2870,27.2,USD,InStock,"Wake up to a plump, dewy, healthy-looking complexion with this deeply hydrating overnight mask that resets depleted skin with nourishing ingredients.
<ul>
<li>Antioxidant-rich shea butter & glycerin replenish stressed skin</li>
<li>Reishi mushroom & cloudberry calm skin and reduce redness</li>
<li>Use as the last step in your nightly routine</li>
</ul>",https://www.paulaschoice.com/dw/image/v2/BBNX_PRD/on/demandware.static/-/Sites-pc-catalog/default/dweaa66da3/images/products/super-hydrate-overnight-mask-2870-L.png?sw=2000&sfrm=png,3.5999999999999996,70,61733bf9-9777-54f1-9e8a-522510319274,29/12/2021 02:25:57
https://www.paulaschoice.com/clear-extra-strength-anti-redness-exfoliating-solution-with-2pct-salicylic-acid/621.html,Extra Strength Anti-Redness Exfoliating Solution With 2% Salicylic Acid,Paula's Choice,6210,6210,23.6,USD,InStock,"This gentle leave-on exfoliant with salicylic acid clears stubborn acne and blackheads with a maximum pore-penetrating formula. It also calms redness and provides light hydration for healthy, flake-free skin.
<ul>
    <li>For stubborn acne</li>
    <li>Unclogs blackheads and minimizes pore size</li>
    <li>Water-light yet potent formula produces fast results</li>
    <li>Use up to twice daily after cleansing skin</li>
</ul>",https://www.paulaschoice.com/dw/image/v2/BBNX_PRD/on/demandware.static/-/Sites-pc-catalog/en_US/dw5e46f627/images/products/clear-anti-redness-exfoliating-solution-2-percent-bha-extra-strength-6210-L.png?sw=2000&sfrm=png,3.9000000000000004,266,cf16451b-fb60-586f-a4da-6fb970e429de,29/12/2021 02:25:57
https://www.paulaschoice.com/peptide-booster/955.html,Peptide Booster,Paula's Choice,9550,9550,41.6,USD,InStock,"Unlock firmer-looking skin with eight powerful peptides that make skin more resilient and reduce the appearance of lines.
<ul>
<li>Each peptide precisely targets concerns of loss of firmness, dullness, wrinkles and discolorations </li>
<li>Silky, lightweight gel absorbs instantly</li>
<li>Use alone or add to your moisturizer or serum</li>
</ul>",https://www.paulaschoice.com/dw/image/v2/BBNX_PRD/on/demandware.static/-/Sites-pc-catalog/default/dwe575d56d/images/products/peptide-booster-9550-L.png?sw=2000&sfrm=png,4.2,118,fcc84993-a5db-59fb-b1d0-7d9efb73eba8,29/12/2021 02:25:57
https://www.paulaschoice.com/ultra-rich-soothing-body-butter/556.html,Ultra-Rich Soothing Body Butter,Paula's Choice,5560,5560,15.2,USD,InStock,"This blend of plant oils, emollients, and shea butter softens dry, rough, uncomfortable skin anywhere on the body, leaving it velvety-smooth and silky-feeling. It's exceptionally gentle for sensitive skin, even skin prone to eczema.
<ul>
    <li>Immediate relief of dry uncomfortable skin </li>
    <li>Blend of plant butters and oils revive dry skin </li>
    <li>Rich texture delivers copious long-lasting hydration</li>
</ul>",https://www.paulaschoice.com/dw/image/v2/BBNX_PRD/on/demandware.static/-/Sites-pc-catalog/en_US/dwf9066fbd/images/products/ultra-rich-soothing-body-butter-5560-L.png?sw=2000&sfrm=png,4.3,174,3f9ea09e-97d1-5ffc-b1c5-59c3fd227c16,29/12/2021 02:25:57
https://www.paulaschoice.com/resist-anti-aging-clear-skin-hydrator/769.html,Anti-Aging Clear Skin Hydrator,Paula's Choice,7691,7691,26.4,USD,InStock,"A one-of-a-kind anti-aging moisturizer that provides immediate hydration while nourishing skin, creating a more even-looking skin tone and a brighter complexion, all while defending skin against environmental stresses.
<ul>
    <li>Visibly improves pores size </li>
    <li>Vitamin C and niacinamide brighten and smooth skin</li>
    <li>Unique gel-lotion formula</li>
    <li>Use as the last step in your PM skincare routine</li>
</ul>",https://www.paulaschoice.com/dw/image/v2/BBNX_PRD/on/demandware.static/-/Sites-pc-catalog/en_US/dwcda565aa/images/products/resist-anti-aging-clear-skin-hydrator-7691-L.png?sw=2000&sfrm=png,4,457,bd13d38c-df7a-5ebe-af78-70b4c76e97c3,29/12/2021 02:25:58
https://www.paulaschoice.com/defense-nightly-reconditioning-moisturizer/222.html,Nightly Reconditioning Moisturizer,Paula's Choice,2220,2220,23.2,USD,InStock,"Eight superfoods plus antioxidants strengthen your skin’s environmental defenses while hydrating, softening and clarifying overnight. 
<ul>
<li>Protect skin against environmental aggressors</li>
<li>Flaxseed, wild cherry and other superfoods that nourish skin</li>
<li>Sheer, super-light texture</li>
<li>Use as the last step in your PM skincare routine</li>
</ul>",https://www.paulaschoice.com/dw/image/v2/BBNX_PRD/on/demandware.static/-/Sites-pc-catalog/default/dw7dece2bb/images/products/defense-nightly-reconditioning-moisturizer-2220-L.png?sw=2000&sfrm=png,3.3999999999999995,145,07c90598-e224-5663-9dde-d8ea9aad5b36,29/12/2021 02:25:58
https://www.paulaschoice.com/skin-balancing-oil-reducing-cleanser/115.html,Oil-Reducing Cleanser,Paula's Choice,1150,1150,14.4,USD,InStock,"This blend of gentle cleansing ingredients thoroughly removes makeup, excess oil and impurities while soothing skin.
<ul>
    <li>Effectively cleanses skin without drying</li>
    <li>Leaves skin with a soft feel </li>
    <li>Concentrated cream-to-foam formula</li>
    <li>Use as the first step in your AM/PM skincare routine</li>
</ul>",https://www.paulaschoice.com/dw/image/v2/BBNX_PRD/on/demandware.static/-/Sites-pc-catalog/en_US/dwa630e663/images/products/skin-balancing-oil-reducing-cleanser-1150-L.png?sw=2000&sfrm=png,4.3,456,8e615f1c-c35f-511f-8cd2-e6ff19efa176,29/12/2021 02:25:58
https://www.paulaschoice.com/extra-care-non-greasy-sunscreen-spf-50/232.html,Extra Care Non-Greasy Sunscreen SPF 50,Paula's Choice,2320,2320,13.6,USD,InStock,"A water-resistant, antioxidant-rich body sunscreen that offers broad-spectrum, synthetic sun protection without the heavy feel. 
<ul>
    <li>Feels light and weightless on skin</li>
    <li>Silky texture with a smooth matte finish </li>
    <li>Ideal for sports & outdoor activities</li>
</ul>",https://www.paulaschoice.com/dw/image/v2/BBNX_PRD/on/demandware.static/-/Sites-pc-catalog/en_US/dw2955d7de/images/products/sun-care-extra-care-non-greasy-sunscreen-spf-50-2320-L.png?sw=2000&sfrm=png,3.8,417,d9ccf7aa-05b9-5071-9185-c944c6f11fd8,29/12/2021 02:25:58
https://www.paulaschoice.com/skin-recovery-daily-moisturizing-lotion-spf-30/146.html,Daily Moisturizing Lotion SPF 30,Paula's Choice,1460,1460,23.2,USD,InStock,"A mineral-based moisturizer with SPF that protects, softens and reconditions skin by helping maintain skin’s optimal hydration levels and decreasing the risk of early skin aging. 
<ul>
   <li>Contains a unique complex of anti-aging peptides</li>
<li>Skin-recovering ingredients transform dry skin</li>
    <li>Rich cream formula </li>
    <li>Use as the last step in your AM skincare routine</li>
</ul>",https://www.paulaschoice.com/dw/image/v2/BBNX_PRD/on/demandware.static/-/Sites-pc-catalog/en_US/dw1d4de0df/images/products/skin-recovery-daily-moisturizing-lotion-spf-30-1460-L.png?sw=2000&sfrm=png,4.1,349,786fcaa8-7585-5f28-b4de-adcb5dccd115,29/12/2021 02:25:58
https://www.paulaschoice.com/defense-antioxidant-pore-purifier/220-2207.html,Antioxidant Pore Purifier,Paula's Choice,2207,2207,8.8,USD,InStock,"Clear pores of daily debris and pollution plus brighten skin with a blend of antioxidants, salicylic acid and other skin-fortifying ingredients. 
<ul>
<li>Helps protect skin from environmental damage</li>
<li>Salicylic acid clears and refines pores</li>
<li>Ultra-lightweight fluid texture</li>
<li>Apply once or twice daily after cleansing</li>
</ul>",https://www.paulaschoice.com/dw/image/v2/BBNX_PRD/on/demandware.static/-/Sites-pc-catalog/default/dw3d9e0368/images/products/defense-antioxidant-pore-purifier-2207-M.png?sw=2000&sfrm=png,4.2,110,a00d40e8-1aaf-5857-a1b2-43e9ecc78595,29/12/2021 02:25:58
https://www.paulaschoice.com/hyaluronic-acid-and-peptide-lip-booster/958.html,Hyaluronic Acid + Peptide Lip Booster,Paula's Choice,9580,9580,23.2,USD,InStock,"An advanced anti-aging lip treatment that smooths away fine lines and keeps lips looking youthfully full with a powerful blend of moisture-attracting hyaluronic acid, firming peptides and hydrating squalane.
<ul>
<li>Restores suppleness & prevents moisture loss</li>
<li>Visibly improves lines & flaking </li>
<li>Supports smoother, fuller-looking lips</li>
<li>Cooling applicator glides seamlessly </li>
</ul>",https://www.paulaschoice.com/dw/image/v2/BBNX_PRD/on/demandware.static/-/Sites-pc-catalog/default/dwc74bbd8c/images/products/hyaluronic-acid-peptide-lip-booster-9580-L.png?sw=2000&sfrm=png,3.7,72,14ec2f5c-4efd-5254-97fb-655e425aa8e8,29/12/2021 02:25:58
https://www.paulaschoice.com/clear-pore-normalizing-cleanser/600.html,Pore Normalizing Cleanser,Paula's Choice,6002,6002,10.4,USD,InStock,"This gentle, acne-fighting cleanser removes excess oil, pore-clogging debris and makeup without drying skin or causing redness.<br>
<ul> 
  <li>Dissolves pore-clogging impurities </li>
    <li>Cleans without irritation</li>
    <li>Gel texture refreshes & calms skin</li>
    <li>Use as the first step in your AM/PM skincare routine</li>
</ul>",https://www.paulaschoice.com/dw/image/v2/BBNX_PRD/on/demandware.static/-/Sites-pc-catalog/en_US/dw0f6b492a/images/products/clear-pore-normalizing-cleanser-6002-L.png?sw=2000&sfrm=png,4.1,504,1d86b20a-23a9-5b7b-baf4-4664d0d9f936,29/12/2021 02:25:58
https://www.paulaschoice.com/skin-perfecting-2pct-bha-liquid-exfoliant/201-2010.html,2% BHA Liquid Exfoliant,Paula's Choice,2010,2010,23.6,USD,InStock,"Our #1 product worldwide + cult favorite, this gentle leave-on exfoliant with salicylic acid quickly unclogs pores, smooths wrinkles, brightens and evens out skin tone.
<ul>
<li>Clears & minimizes enlarged pores</li>
<li>BHA (beta hydroxy acid) sheds built-up layers of skin</li>
<li>Fluid, lightweight texture absorbs quickly </li>
<li>Use up to twice daily after cleansing & toning skin </li>
</ul>",https://www.paulaschoice.com/dw/image/v2/BBNX_PRD/on/demandware.static/-/Sites-pc-catalog/default/dwf0fd0988/images/products/skin-perfecting-2-percent-bha-liquid-2010-L.png?sw=2000&sfrm=png,4.1,3887,2cb3a190-fed0-574f-b7bc-5f6539c47fcd,29/12/2021 02:25:58
https://www.paulaschoice.com/resist-advanced-smoothing-treatment-10pct-aha/7651.html,Advanced Smoothing Treatment 10% AHA,Paula's Choice,7651,7651,29.6,USD,InStock,"This super-concentrated exfoliating cocktail dramatically smooths away visible sun damage and other advanced signs of aging, revealing more radiant, visibly younger skin with just one use. 
<ul>
<li>Four alpha-hydroxy acids reveal firmer looking skin</li>
<li>Alpha-hydroxy acid clears & visibly minimizes pores</li>
<li>Lightweight, milky liquid </li>
<li>Use up to twice daily after cleansing & toning skin </li>
</ul>",https://www.paulaschoice.com/dw/image/v2/BBNX_PRD/on/demandware.static/-/Sites-pc-catalog/en_US/dw2f51efdd/images/products/resist-advanced-smoothing-treatment-10-percent-aha-7651-L.png?sw=2000&sfrm=png,4.1,108,e54f0019-0c74-58c6-82f5-3dc94886592a,29/12/2021 02:25:58
https://www.paulaschoice.com/resist-daily-pore-refining-treatment-with-2pct-bha/782.html,Daily Pore-Refining Treatment With 2% BHA,Paula's Choice,7820,7820,26.4,USD,OutOfStock,"A daily leave-on liquid exfoliant with BHA, also known as salicylic acid, that offers multiple benefits for those struggling with visible signs of sun damage, aging, bumpy skin, and enlarged, clogged pores. 
<ul>
    <li>Targets multiple signs of aging</li>
    <li>Visibly reduces pore size</li>
    <li>BHA gently and naturally exfoliates skin</li>
    <li>Lightweight liquid formula</li>
    <li>Use up to twice daily after cleansing & toning skin</li>
</ul>",https://www.paulaschoice.com/dw/image/v2/BBNX_PRD/on/demandware.static/-/Sites-pc-catalog/en_US/dwdac30651/images/products/resist-daily-pore-refining-treatment-2-percent-bha-7820-L.png?sw=2000&sfrm=png,4.2,296,7804f3fd-8080-5188-93eb-3700cecb3fd7,29/12/2021 02:25:58
https://www.paulaschoice.com/retinol-skin-smoothing-body-treatment/580.html,Retinol Skin-Smoothing Body Treatment,Paula's Choice,5800,5800,23.2,USD,InStock,"An advanced moisturizing body lotion that gently gives skin the transforming power of pure retinol to help diminish the appearance of uneven skin tone and rejuvenate the feeling of soft firmer skin.
<ul>
    <li>Pure retinol & antioxidants help transform skin</li>
    <li>Natural butters & plant oils beautifully hydrate skin</li>
    <li>Rich texture moisturizes dry skin, yet is non-greasy</li>
    <li>Mid-strength 0.1% retinol concentration</li>
</ul>",https://www.paulaschoice.com/dw/image/v2/BBNX_PRD/on/demandware.static/-/Sites-pc-catalog/en_US/dwa506038d/images/products/skin-smoothing-retinol-body-treatment-5800-L.png?sw=2000&sfrm=png,4.4,185,27c47249-a266-5dd4-9043-b0a8307e84b9,29/12/2021 02:25:59
https://www.paulaschoice.com/clinical-discoloration-repair-serum/804.html,Discoloration Repair Serum,Paula's Choice,8040,8040,36.8,USD,InStock,"A potent serum that targets brown + gray patches while helping prevent new discoloration from forming using a tranexamic complex with bakuchiol and niacinamide.  
<ul>
<li>Visibly reduces patches of discoloration that can appear on the cheeks, forehead, nose & chin</li>
<li>Helps to control & fade dark spots</li>
<li>Evens patchy skin tone & brightens</li>
</ul>",https://www.paulaschoice.com/dw/image/v2/BBNX_PRD/on/demandware.static/-/Sites-pc-catalog/default/dw0936310c/images/products/clinical-discoloration-repair-serum-8040-L.png?sw=2000&sfrm=png,3.5,60,0ebe1f01-9a07-504b-85d7-131156112781,29/12/2021 02:25:59
https://www.paulaschoice.com/skin-balancing-oil-absorbing-mask/275.html,Oil-Absorbing Mask,Paula's Choice,2750,2750,17.6,USD,InStock,"A mix of mineral clays work together to noticeably refine pore size and promote a healthy-looking, shine-free complexion. 
<ul>
    <li>Leaves skin looking refreshed and smooth</li>
    <li>Sea whip and oatmeal soothe skin</li>
    <li>Natural clays absorb excess oil</li>
    <li>Use after cleansing at least once per week</li>
</ul>",https://www.paulaschoice.com/dw/image/v2/BBNX_PRD/on/demandware.static/-/Sites-pc-catalog/en_US/dw77b50a7d/images/products/skin-balancing-oil-absorbing-mask-2750-L.png?sw=2000&sfrm=png,4,122,51f715bc-d960-58bd-a69f-faa55243361e,29/12/2021 02:25:59
https://www.paulaschoice.com/skin-recovery-super-antioxidant-concentrate-serum-with-retinol/325.html,Super Antioxidant Concentrate Serum with Retinol,Paula's Choice,3250,3250,28.8,USD,InStock,"A rich, concentrated antioxidant serum with an effective but gentle amount of retinol that restores moisture while defending against environmental stressors and signs of aging. 
<ul>
    <li>Relieves dryness with superior hydration</li>
    <li>Antioxidant complex brightens and refines skin</li>
    <li>Silky-smooth serum texture</li>
    <li>Use twice daily after cleansing, toning & exfoliating</li>
    <li>Low-strength 0.01% retinol concentration</li>
</ul>",https://www.paulaschoice.com/dw/image/v2/BBNX_PRD/on/demandware.static/-/Sites-pc-catalog/en_US/dw2a815c7a/images/products/skin-recovery-super-antioxidant-concentrate-serum-3250-L.png?sw=2000&sfrm=png,4.3,307,549a1ae1-d0bd-57c6-9d99-4a488944b2dd,29/12/2021 02:25:59
https://www.paulaschoice.com/pc4men-face-wash/870.html,Face Wash,Paula's Choice,8700,8700,12,USD,InStock,"Ditch the drying bar soap. This gentle, hard-working gel formula cleanses skin without making it tight or dry.
<ul>
    <li>Thorough, but gentle cleansing</li>
    <li>Quickly washes away dirt and excess oil</li>
    <li>Refreshing gel texture with a soft lather</li>
    <li>The first step in your AM/PM routine</li>
</ul>",https://www.paulaschoice.com/dw/image/v2/BBNX_PRD/on/demandware.static/-/Sites-pc-catalog/default/dwc13d1be2/images/products/pc4men-face-wash-8700-L.png?sw=2000&sfrm=png,4.5,28,5a2e14ff-3e24-59c8-adb1-2be389dc433b,29/12/2021 02:25:59
https://www.paulaschoice.com/c15-super-booster/777.html,C15 Super Booster,Paula's Choice,7770,7770,39.2,USD,InStock,"This concentrated booster with 15% pure vitamin C dramatically brightens uneven skin while improving the appearance of wrinkles and fine lines.

<ul>
	<li>Reveals a more radiant complexion</li>
	<li>Vitamin C visibly brightens skin</li>
	<li>Feather-light, liquid formula absorbs quickly</li>
	<li>Use alone or add to your moisturizer or serum</li>
</ul>",https://www.paulaschoice.com/dw/image/v2/BBNX_PRD/on/demandware.static/-/Sites-pc-catalog/default/dwd911b4f8/images/products/resist-c15-super-booster-7770-L.png?sw=2000&sfrm=png,3.7,1050,ec0df19f-46bc-5f24-8839-59f7fd087509,29/12/2021 02:25:59
https://www.paulaschoice.com/clear-purifying-clay-mask/626.html,Purifying Clay Mask,Paula's Choice,6260,6260,23.2,USD,InStock,"This multi-action clay mask absorbs excess oil, minimizes the look of enlarged pores, visibly reduces redness and helps prevent future breakouts.
<ul>
<li>Three clays control shine</li>
<li>Green tea & willowherb calm redness</li>
<li>Easy-to-apply texture soothes stressed skin</li>
</ul>",https://www.paulaschoice.com/dw/image/v2/BBNX_PRD/on/demandware.static/-/Sites-pc-catalog/en_US/dw9b63edba/images/products/clear-purifying-clay-mask-6260-L.png?sw=2000&sfrm=png,4.3,23,e0dd2fca-c591-5210-a471-fec5a1349d97,29/12/2021 02:25:59
https://www.paulaschoice.com/anti-aging-lip-gloss-spf-40/924.html,Anti-Aging Lip Gloss SPF 40,Paula's Choice,92076,92076,15.2,USD,InStock,"This nourishing, anti-aging lip gloss with SPF 40 creates fuller-looking, softer lips while helping to reduce the risk of early skin aging.
<ul>
    <li>Optimal broad-spectrum sun protection</li>
<li>Available in sheer pink </li>
<ul>",https://www.paulaschoice.com/dw/image/v2/BBNX_PRD/on/demandware.static/-/Sites-pc-catalog/en_US/dwc6462e6b/images/products/resist-anti-aging-lip-gloss-spf-40-sheer-pink-92076-L.png?sw=2000&sfrm=png,3.8,161,97366da8-ec75-59ad-aef7-8c43e177d666,29/12/2021 02:25:59
https://www.paulaschoice.com/10pct-niacinamide-booster/798.html,10% Niacinamide Booster,Paula's Choice,7980,7980,35.2,USD,InStock,"This concentrated 10% niacinamide serum booster dramatically improves uneven skin tone and refines the appearance of pore size, skin texture and fine lines.
<ul>
    <li>Promotes a brighter, younger-looking appearance</li>
    <li>Niacinamide (vitamin B3) visibly minimizes pore size</li>
    <li>Sheer, ultra-light liquid formula</li>
    <li>Use alone or add to your moisturizer or serum</li>
</ul>",https://www.paulaschoice.com/dw/image/v2/BBNX_PRD/on/demandware.static/-/Sites-pc-catalog/default/dw9c06758f/images/products/resist-10-percent-niacinamide-booster-7980-L.png?sw=2000&sfrm=png,3.7,373,117ffb01-3e8d-553c-bf85-94991cbc519d,29/12/2021 02:25:59
https://www.paulaschoice.com/resist-super-antioxidant-serum/764.html,Super Antioxidant Serum,Paula's Choice,7640,7640,31.2,USD,InStock,"A hydrating, antioxidant-enriched serum that restores visible radiance for dull, dry skin while fighting against environmental attack. 
<ul>
    <li>Essential for improving visible signs of aging</il>
<li>Improves the appearance of dull, uneven skin tone</li>
    <li>Restores hydration to dry, sun damaged skin</li>
    <li>Use twice daily after cleansing, toning, and exfoliating</li>
</ul>",https://www.paulaschoice.com/dw/image/v2/BBNX_PRD/on/demandware.static/-/Sites-pc-catalog/en_US/dwb89f098f/images/products/resist-super-antioxidant-concentrate-serum-7640-L.png?sw=2000&sfrm=png,4.1,488,9b14039d-296c-591a-98fa-14bcf007d009,29/12/2021 02:25:59
https://www.paulaschoice.com/skin-recovery-hydrating-treatment-mask/280.html,Hydrating Treatment Mask,Paula's Choice,2800,2800,19.2,USD,InStock,"A deeply hydrating face mask for dry to very dry skin that works overnight to restore a dewy, resilient, appearance and feeling of firmness for a visibly refined complexion. 
<ul>
    <li>Replenishes and calms skin </li>
    <li>Antioxidants and plant oils nourish skin</li>
    <li>Rich cream formula</li>
    <li>Use on cleansed skin as often as desired</li>
</ul>",https://www.paulaschoice.com/dw/image/v2/BBNX_PRD/on/demandware.static/-/Sites-pc-catalog/en_US/dw82d57a85/images/products/skin-recovery-hydrating-treatment-mask-2800-L.png?sw=2000&sfrm=png,4.5,381,8bca0b99-582b-5e2a-ae2c-bbe7abb540bd,29/12/2021 02:25:59
https://www.paulaschoice.com/true-blue-bag/9959.html,True Blue Bag,Paula's Choice,9959,9959,7.5,USD,InStock,"Metallic silver and our signature true blue enliven this cruelty-free vegan leather bag, perfectly sized to keep all your skin care and cosmetic must-haves with you on the go. 
<ul>
<li>4.75” W x 3.35”H  x 2.35” D</li>
<li>Cruelty-free vegan leather body</li>
<li>Limited-edition</li>
</ul>",https://www.paulaschoice.com/dw/image/v2/BBNX_PRD/on/demandware.static/-/Sites-pc-catalog/default/dwc21dc597/images/products/mini-cosmetics-bag-9959-L.png?sw=2000&sfrm=png,3.5,4,6e7374d6-1f1d-55c1-9536-3a9fe8d0970b,29/12/2021 02:25:59
https://www.paulaschoice.com/skin-perfecting-2pct-bha-lotion-exfoliant/205.html,2% BHA Lotion Exfoliant,Paula's Choice,2051,2051,23.6,USD,InStock,"This skin-softening leave-on lotion exfoliant with 2% BHA is a completely non-abrasive way to shed built-up layers of dead skin to reveal the radiant, smooth skin hiding underneath. 
<ul>
    <li>Gently refines and clarifies pores</li>
    <li>Diminishes the appearance of wrinkles</li>
    <li>Moisturizing lotion hydrates skin’s surface</li>
    <li>Use up to twice daily after cleansing & toning skin</li>
</ul>",https://www.paulaschoice.com/dw/image/v2/BBNX_PRD/on/demandware.static/-/Sites-pc-catalog/en_US/dwbafa09ea/images/products/skin-perfecting-2-percent-bha-lotion-2051-L.png?sw=2000&sfrm=png,3.7,413,904a18f1-eb86-5f96-a767-0eee4103b487,29/12/2021 02:25:59
https://www.paulaschoice.com/pc4men-soothe-and-smooth/872.html,Soothe + Smooth,Paula's Choice,8720,8720,24.75,USD,InStock,"Change your thinking about after-shave. Address those bumps, help stop skin from looking older, calm redness and soften skin, all in one non-irritating, fragrance-free formula. 
<ul>
    <li>Combats multiple signs of aging</li>
    <li>Minimizes pore size</li>
    <li>Soothes redness & softens skin</li>
    <li>Water-light, non-irritating formula</li>
    <li>Use once or twice daily after washing or shaving</li>
</ul>",https://www.paulaschoice.com/dw/image/v2/BBNX_PRD/on/demandware.static/-/Sites-pc-catalog/default/dwd9f2b7e1/images/products/pc4men-sooth-smooth-8720-L.png?sw=2000&sfrm=png,4.4,23,3ad90f04-0ac6-5afc-965b-125a9cd2a679,29/12/2021 02:26:00
https://www.paulaschoice.com/hydralight-moisture-infusing-lotion/171.html,HYDRALIGHT Moisture Infusing Lotion,Paula's Choice,1710,1710,23.2,USD,InStock,"This light-as-water formula replenishes and restores lost moisture without clogging pores so skin looks healthier. 
<ul>
<li>Weightlessly hydrates dehydrated skin
<li>Antioxidants soothe & help skin look & feel younger
<li>Lightweight texture sets to a silky matte finish 
<li>Use as the last step in your PM skincare routine
</ul>",https://www.paulaschoice.com/dw/image/v2/BBNX_PRD/on/demandware.static/-/Sites-pc-catalog/default/dw5af7d4ab/images/products/hydralight-moisture-infusing-lotion-1710-L.png?sw=2000&sfrm=png,4.2,309,fc59a164-5627-563d-8ad6-d7ebced89fd5,29/12/2021 02:26:00
https://www.paulaschoice.com/clear-regular-strength-daily-skin-clearing-treatment-with-2.5pct-benzoyl-peroxide/610.html,Regular Strength Daily Skin Clearing Treatment with 2.5% Benzoyl Peroxide,Paula's Choice,6100,6100,14.4,USD,InStock,"An effective acne treatment that works immediately to fight acne, prevent future breakouts, and reduce redness.
<ul>
    <li>For mild to moderate acne</li>
    <li>No harsh ingredients that can cause dry flaky skin</li>
    <li>Lightweight lotion sets to a soft matte finish</li>
    <li>Use twice daily after cleansing & exfoliating skin</li>
</ul>",https://www.paulaschoice.com/dw/image/v2/BBNX_PRD/on/demandware.static/-/Sites-pc-catalog/en_US/dw3c423f02/images/products/clear-daily-skin-clearing-treatment-regular-strength-6100-L.png?sw=2000&sfrm=png,4.1,269,a3e25c15-71eb-50ab-9fb8-c7fcf2c122b9,29/12/2021 02:26:00
https://www.paulaschoice.com/skin-revealing-body-lotion-10pct-aha/590.html,Skin Revealing Body Lotion 10% AHA,Paula's Choice,5900,5900,22.4,USD,InStock,"This leave-on exfoliant gently removes built-up layers of dead skin, revealing smoother, softer skin from the neck down. It also significantly improves the appearance of hard, clogged, red bumps on arms and legs.
<ul>
	<li >AHA reveals younger-looking, hydrated skin</li>
	<li>Smooths away dry skin, visibly improving texture </li>
	<li>Creamy formula leaves skin soft & moisturized</li>
</ul>",https://www.paulaschoice.com/dw/image/v2/BBNX_PRD/on/demandware.static/-/Sites-pc-catalog/en_US/dwadff487b/images/products/resist-skin-revealing-body-lotion-10-percent-aha-5900-L.png?sw=2000&sfrm=png,4.1,307,36905d44-3ab9-535e-a15a-771c3d0ab898,29/12/2021 02:26:00
https://www.paulaschoice.com/clear-oil-free-moisturizer/380.html,Oil-Free Moisturizer,Paula's Choice,3800,3800,23.2,USD,InStock,"Provides soothing hydration that won’t clog pores or cause breakouts. Weightless, oil-free moisturizer is specially formulated for blemish-prone skin.
<ul>
<li>Lightly hydrates breakout-prone skin without adding oil or shine</li>
<li>Pore-minimizing niacinamide soothes flaky skin</li>
<li>Sheer, ceramide-infused lotion calms redness</li>
<li>Use as the last step in your PM skincare routine</li>
</ul>",https://www.paulaschoice.com/dw/image/v2/BBNX_PRD/on/demandware.static/-/Sites-pc-catalog/en_US/dw211b1ce5/images/products/clear-oil-free-moisturizer-3800-L.png?sw=2000&sfrm=png,3.7,151,0ca4ad76-1e9e-53fc-8d62-122ecb89b8cb,29/12/2021 02:26:00
https://www.paulaschoice.com/skin-perfecting-2pct-bha-liquid-exfoliant/201.html,2% BHA Liquid Exfoliant,Paula's Choice,2010,2010,23.6,USD,InStock,"Our #1 product worldwide + cult favorite, this gentle leave-on exfoliant with salicylic acid quickly unclogs pores, smooths wrinkles, brightens and evens out skin tone.
<ul>
<li>Clears & minimizes enlarged pores</li>
<li>BHA (beta hydroxy acid) sheds built-up layers of skin</li>
<li>Fluid, lightweight texture absorbs quickly </li>
<li>Use up to twice daily after cleansing & toning skin </li>
</ul>",https://www.paulaschoice.com/dw/image/v2/BBNX_PRD/on/demandware.static/-/Sites-pc-catalog/default/dwf0fd0988/images/products/skin-perfecting-2-percent-bha-liquid-2010-L.png?sw=2000&sfrm=png,4.1,3887,3d538164-da9a-55be-93cf-034bf6292ecb,29/12/2021 02:26:00
https://www.paulaschoice.com/lipscreen-spf-50/256.html,Lipscreen SPF 50,Paula's Choice,2560,2560,8,USD,InStock,"This fragrance- and flavor-free lip balm with SPF protects against harmful UV rays as it moisturizes and soothes dry, rough lips.
<ul>
    <li>Non-greasy formula with no unpleasant taste</li>
    <li>Broad-spectrum sun protection</li>
</ul>",https://www.paulaschoice.com/dw/image/v2/BBNX_PRD/on/demandware.static/-/Sites-pc-catalog/en_US/dw50c53915/images/products/lipscreen-spf-50-2560-L.png?sw=2000&sfrm=png,4.4,111,c60b950f-e042-50e8-8687-016ba754cf06,29/12/2021 02:26:00
https://www.paulaschoice.com/resist-daily-smoothing-treatment-with-5pct-aha/766.html,Daily Smoothing Treatment with 5% AHA,Paula's Choice,7660,7660,26.4,USD,InStock,"A daily leave-on AHA exfoliant that reveals a truly smoother, more radiant, even-toned complexion by helping skin naturally exfoliate as younger skin does. 
<ul>
    <li>Renews the appearance of dry, sun-damaged skin</li>
    <li>Naturally exfoliates dead skin cells</li>
    <li>Lightweight, hydrating lotion consistency</li>
    <li>Use once or twice daily after cleansing & toning</li>
</ul>",https://www.paulaschoice.com/dw/image/v2/BBNX_PRD/on/demandware.static/-/Sites-pc-catalog/en_US/dw22d02dc3/images/products/resist-daily-smoothing-treatment-5-percent-aha-7660-L.png?sw=2000&sfrm=png,4.1,281,58722e13-3862-52cb-ad45-c1a6fa33e37a,29/12/2021 02:26:01
https://www.paulaschoice.com/clinical-ultra-rich-moisturizer/557.html,Ultra-Rich Moisturizer,Paula's Choice,5570,5570,24.8,USD,InStock,"This luxuriant cream moisturizer relieves dryness with soothing antioxidants and nourishing plant oils to keep skin thoroughly hydrated, soft, and comforted.
<ul>
    <li>Plumps the look of dehydrated skin</li>
<li>Smooths the appearance of wrinkles </li>
    <li>Leaves skin feeling remarkably soft and supple</li>
    <li>Rich, velvety cream texture </li>
    <li>Use as the last step in your PM skincare routine</li>
</ul>",https://www.paulaschoice.com/dw/image/v2/BBNX_PRD/on/demandware.static/-/Sites-pc-catalog/en_US/dw9473686d/images/products/clinical-ultra-rich-moisturizer-5570-L.png?sw=2000&sfrm=png,4.2,153,8005aa57-818c-5946-b941-85e47a6f4b3e,29/12/2021 02:26:01
https://www.paulaschoice.com/hydralight-moisture-infusing-lotion/171-1710.html,HYDRALIGHT Moisture Infusing Lotion,Paula's Choice,1710,1710,23.2,USD,InStock,"This light-as-water formula replenishes and restores lost moisture without clogging pores so skin looks healthier. 
<ul>
<li>Weightlessly hydrates dehydrated skin
<li>Antioxidants soothe & help skin look & feel younger
<li>Lightweight texture sets to a silky matte finish 
<li>Use as the last step in your PM skincare routine
</ul>",https://www.paulaschoice.com/dw/image/v2/BBNX_PRD/on/demandware.static/-/Sites-pc-catalog/default/dw5af7d4ab/images/products/hydralight-moisture-infusing-lotion-1710-L.png?sw=2000&sfrm=png,4.2,309,bc28f15f-b7c1-569e-bf54-f1e63bc2232a,29/12/2021 02:26:01
https://www.paulaschoice.com/clear-acne-body-spray/624.html,Acne Body Spray,Paula's Choice,6240,6240,20,USD,InStock,"A body exfoliant with salicylic acid that fights acne fast and prevents new breakouts while calming redness. The easy-to-use spray can be held at any angle to reach stubborn acne on hard-to-reach areas of the body. 
<ul>
    <li>Maximum strength to combat stubborn acne</li>
    <li>Alcohol-free formula</li>
    <li>Fluid formula produces rapid results</li>
    <li>Use daily on clean skin, do not rinse</li>
</ul>",https://www.paulaschoice.com/dw/image/v2/BBNX_PRD/on/demandware.static/-/Sites-pc-catalog/en_US/dwd0609eb4/images/products/clear-acne-body-spray-2-percent-bha-6240-L.png?sw=2000&sfrm=png,4.2,243,3c0c229d-6bb6-56f1-9360-54a9b26b87b8,29/12/2021 02:26:01
https://www.paulaschoice.com/resist-super-light-wrinkle-defense-spf-30/776.html,Super-Light Wrinkle Defense SPF 30,Paula's Choice,7760,7760,26.4,USD,OutOfStock,"A lightly tinted mineral-based formula that protects skin from sun damage and fortifies it with state-of-the-art antioxidants.
<ul>
    <li>Prevents premature aging of skin</li>
    <li>Boost skin’s environmental defenses </li>
    <li>Silky texture leaves a soft matte finish </li>
    <li>Use as the last step in your AM skincare routine</li>
</ul>",https://www.paulaschoice.com/dw/image/v2/BBNX_PRD/on/demandware.static/-/Sites-pc-catalog/en_US/dw2d421a83/images/products/resist-super-light-daily-wrinkle-defense-spf-30-7760-L.png?sw=2000&sfrm=png,4.2,1532,531f08a2-154a-5ec7-83e3-2e806e1e4fad,29/12/2021 02:26:01
https://www.paulaschoice.com/skin-perfecting-2pct-bha-gel-exfoliant/204.html,2% BHA Gel Exfoliant,Paula's Choice,2040,2040,23.6,USD,InStock,"This leave-on gel exfoliant is a completely non-abrasive way to remove layers of dull skin to reveal younger skin hiding underneath. It also shrinks clogged pores, diminishes the appearance of wrinkles, and improves skin tone.
<ul>
    <li>Gently reveals smoother, radiant skin </li>
    <li>Refines and clarifies pores </li>
    <li>Gel texture hydrates and perfects skin’s surface</li>
    <li>Use up to twice daily after cleansing & toning skin</li>
</ul>",https://www.paulaschoice.com/dw/image/v2/BBNX_PRD/on/demandware.static/-/Sites-pc-catalog/default/dw021c5364/images/products/skin-perfecting-2-percent-bha-gel-2040-L.png?sw=2000&sfrm=png,4,480,80a2afb6-a154-51e6-ac49-4a2690631487,29/12/2021 02:26:01
https://www.paulaschoice.com/expert-exfoliation-duo/34136.html,Expert Exfoliation Duo,Paula's Choice,34136,34136,47.6,USD,InStock,"Dramatically transform skin’s texture, minimize enlarged, clogged pores and uncover serious glow instantly and over time with two best-selling exfoliants.
<ul>
<li>2% BHA unclogs & minimizes enlarged pores</li>
<li>25% AHA rapidly addresses advanced signs of aging</li>
<li>Soothing antioxidants counteract irritation</li>
</ul>",https://www.paulaschoice.com/dw/image/v2/BBNX_PRD/on/demandware.static/-/Sites-pc-catalog/default/dw0465337c/images/products/expert-exfoliation-duo-34136-L.png?sw=2000&sfrm=png,,,f7a606eb-8f3a-552d-b610-f88fd4315c85,29/12/2021 02:26:01
https://www.paulaschoice.com/clear-extra-strength-daily-skin-clearing-treatment-with-5pct-benzoyl-peroxide/611.html,Extra Strength Daily Skin Clearing Treatment with 5% Benzoyl Peroxide,Paula's Choice,6110,6110,15.2,USD,InStock,"An effective acne treatment that works immediately to fight stubborn acne, prevent future breakouts and reduce red marks.
<ul>
    <li>For stubborn acne </li>
    <li>No harsh ingredients that can cause dry, flaking skin </li>
    <li>Lightweight lotion sets to a soft matte finish</li>
    <li>Use twice daily after cleansing & exfoliating</li>
</ul>",https://www.paulaschoice.com/dw/image/v2/BBNX_PRD/on/demandware.static/-/Sites-pc-catalog/en_US/dw83480753/images/products/clear-daily-skin-clearing-treatment-extra-strength-6110-L.png?sw=2000&sfrm=png,4.1,213,ba693cc9-712a-501f-9948-a4bb6437646d,29/12/2021 02:26:01
https://www.paulaschoice.com/clinical-ceramide-enriched-firming-moisturizer/212.html,Ceramide-Enriched Firming Moisturizer,Paula's Choice,2120,2120,46.4,USD,InStock,"Visibly smooth wrinkles, renew a firmer feel and enhance moisture balance with a concentrated blend of ceramides plus a potent blend of vitamin c and retinol that plumps skin and fortifies skin’s protective barrier.
<ul>

<li>Strengthens the building blocks of healthy skin</li>
<li>Replenishing lipids deliver a supple look & feel</li>
<li>Creamy-smooth lotion intensely hydrates</li>
<li>Use daily to keep skin firm & resilient</li>
<li>Mid-strength 0.1% retinol concentration</li>
</ul>",https://www.paulaschoice.com/dw/image/v2/BBNX_PRD/on/demandware.static/-/Sites-pc-catalog/default/dw66b1d5c1/images/products/clinical-ceramide-enriched-firming-moisturizer-2120-L.png?sw=2000&sfrm=png,3.7,231,cc20046d-a9e9-5d1b-a357-345ba81955ee,29/12/2021 02:26:01
https://www.paulaschoice.com/bha-9-treatment/773.html,BHA 9 Treatment,Paula's Choice,7730,7730,34.4,USD,InStock,"This unique, concentrated leave-on BHA exfoliant with salicylic acid works wonders to improve the appearance of stubborn skin concerns such as enlarged or clogged pores, bumps, and patches of rough, dry skin. It’s suitable even for skin prone to milia.
<ul>
   <li>Delivers controlled, sustained release of salicylic acid</li>
    <li>Minimizes the appearance of enlarged pores</li>
    <li>Diminishes the appearance of hard, white bumps</li>
<li>Use as the last step in your evening skincare routine</li>
  
</ul>",https://www.paulaschoice.com/dw/image/v2/BBNX_PRD/on/demandware.static/-/Sites-pc-catalog/en_US/dw6af6301d/images/products/skin-perfecting-bha-9-7730-L.png?sw=2000&sfrm=png,3.9000000000000004,1101,f83311de-74b7-53a1-9f14-9a4833550ff6,29/12/2021 02:26:02
https://www.paulaschoice.com/skin-recovery-softening-cream-cleanser/105.html,Softening Cream Cleanser,Paula's Choice,1050,1050,14.4,USD,InStock,"This skin-softening cream cleanser gently removes makeup without stripping skin of essential moisture. Hydrating ingredients replenish skin to keep a dewy beautiful glow. 
<ul>
    <li>Preserves skin’s moisture content</li>
    <li>Cushions and softens skin </li>
    <li>Creamy smooth formula glides over skin</li>
    <li>Use as the first step in your AM/PM skincare routine</li>
</ul>",https://www.paulaschoice.com/dw/image/v2/BBNX_PRD/on/demandware.static/-/Sites-pc-catalog/en_US/dwbc4c68d6/images/products/skin-recovery-softening-cream-cleanser-1050-L.png?sw=2000&sfrm=png,4.2,307,e64888e1-5964-53dc-a465-a34daff95c4f,29/12/2021 02:26:02
https://www.paulaschoice.com/clear-regular-strength-anti-redness-exfoliating-solution-with-2pct-salicylic-acid/620.html,Regular Strength Anti-Redness Exfoliating Solution With 2% Salicylic Acid,Paula's Choice,6200,6200,23.6,USD,InStock,"This gentle leave-on exfoliant with salicylic acid clears breakouts, unclogs and minimizes pores and fades red marks from past breakouts.
<ul>
    <li>For mild to moderate acne</li>
    <li>Water-light yet potent formula produces fast results</li>
    <li>Use up to twice daily after cleansing skin</li>
</ul>",https://www.paulaschoice.com/dw/image/v2/BBNX_PRD/on/demandware.static/-/Sites-pc-catalog/en_US/dw75160370/images/products/clear-anti-redness-exfoliating-solution-2-percent-bha-regular-strength-6200-L.png?sw=2000&sfrm=png,4.2,424,48445525-7f41-5454-9a99-cc406161641c,29/12/2021 02:26:02
https://www.paulaschoice.com/calm-redness-relief-1pct-bha-lotion-exfoliant/9100.html,Redness Relief 1% BHA Lotion Exfoliant,Paula's Choice,9100,9100,23.6,USD,OutOfStock,"A completely gentle, non-abrasive, leave-on exfoliant that sheds built-up layers of dead skin to reveal the hidden radiant skin beneath. Perfect for someone with sensitive skin who wants to visibly diminish pore size and the appearance of wrinkles and ease redness.
<ul>
    <li>Salicylic acid (BHA) provides gentle exfoliation </li>
    <li>Reveals glowing, hydrated skin </li>
    <li>Lightweight lotion is perfect for sensitive skin</li>
    <li>Use twice daily after cleansing & toning skin</li>
</ul>",https://www.paulaschoice.com/dw/image/v2/BBNX_PRD/on/demandware.static/-/Sites-pc-catalog/en_US/dw162f68cd/images/products/calm-redness-relief-1-percent-bha-lotion-exfoliant-9100-L.png?sw=2000&sfrm=png,3.7,147,e24e0cf6-556c-5e82-9425-684606030a33,29/12/2021 02:26:02
https://www.paulaschoice.com/earth-sourced-purely-natural-refreshing-toner/851.html,Purely Natural Refreshing Toner,Paula's Choice,8510,8510,19.2,USD,InStock,"This antioxidant-rich toner with 98% natural ingredients replenishes and restores skin for a healthy glow.
<ul>
    <li>Antioxidants shield & renew the surface of skin</li>
    <li>Liquid-gel formula soothes skin</li>
    <li>Use twice daily after cleansing skin</li>
</ul>",https://www.paulaschoice.com/dw/image/v2/BBNX_PRD/on/demandware.static/-/Sites-pc-catalog/en_US/dw1139ed14/images/products/earth-sourced-purely-natural-refreshing-toner-8510-L.png?sw=2000&sfrm=png,4.2,152,7e1994be-c228-5eba-b812-413059a637e2,29/12/2021 02:26:02
https://www.paulaschoice.com/calm-redness-relief-toner-for-normal-to-dry-skin/9120.html,Redness Relief Toner for Normal to Dry Skin,Paula's Choice,9120,9120,15.75,USD,InStock,"This toner calms the appearance of redness and soothes sensitive skin while skin-replenishing ingredients nourish and hydrate. 
<ul>
    <li>Helps reinforce a healthy barrier </li>
    <li>Works immediately to soothe skin </li>
    <li>Milky, ultra-gentle fluid texture </li>
    <li>Use twice daily after cleansing skin</li>
</ul>",https://www.paulaschoice.com/dw/image/v2/BBNX_PRD/on/demandware.static/-/Sites-pc-catalog/default/dw71a172a0/images/views/calm-redness-relief-toner-dry-9120-L.png?sw=2000&sfrm=png,3.5,69,8e9cab7f-c8aa-5df5-8ca1-dca6a693f102,29/12/2021 02:26:02
https://www.paulaschoice.com/calm-redness-relief-spf-30-mineral-moisturizer-for-normal-to-oily-skin/9170.html,Redness Relief SPF 30 Mineral Moisturizer for Normal to Oily Skin,Paula's Choice,9170,9170,23.2,USD,InStock,"A lightweight mineral-based sunscreen that calms and soothes sensitive skin while protecting it against damaging UVA/UVB  rays.
<ul>
    <li>Diminishes the appearance of redness</li>
    <li>Helps keep skin looking younger, longer</li>
    <li>Non-greasy lotion leaves a soft matte finish </li>
    <li>Use as the last step in your AM skincare routine</li>
</ul>",https://www.paulaschoice.com/dw/image/v2/BBNX_PRD/on/demandware.static/-/Sites-pc-catalog/en_US/dw4e4509b0/images/products/calm-redness-relief-spf-30-mineral-moisturizer-oily-9170-L.png?sw=2000&sfrm=png,3.8,99,d2de344f-68f7-5456-8239-1e3bda8cb4af,29/12/2021 02:26:02
https://www.paulaschoice.com/resist-optimal-results-hydrating-cleanser/760.html,Optimal Results Hydrating Cleanser,Paula's Choice,7600,7600,15.2,USD,InStock,"A silky smooth skin-softening cleanser that replenishes skin’s moisture content while gently but effectively cleansing skin and removing makeup. 
<ul>
    <li>Cleanses without dryness or leaving a tight feeling</li>
    <li>Contains skin-restoring ingredients</li>
    <li>Hydrating lotion formula </li>
    <li>Use as the first step in your AM/PM skincare routine</li>
</ul>",https://www.paulaschoice.com/dw/image/v2/BBNX_PRD/on/demandware.static/-/Sites-pc-catalog/en_US/dw4d4745e4/images/products/resist-optimal-results-hydrating-cleanser-7600-L.png?sw=2000&sfrm=png,4.1,268,642c33cc-6f15-5f75-8bbf-88f8f338945d,29/12/2021 02:26:02
https://www.paulaschoice.com/smoothing-primer-serum-spf-30/9151.html,Smoothing Primer Serum SPF 30,Paula's Choice,91580,91580,24,USD,InStock,"A multi-tasking primer that softens and smooths skin with a formula that features antioxidants and broad-spectrum SPF 30, resulting in a flawless, makeup-ready complexion.
<ul>
    <li>Targets fine lines & wrinkles </li>
    <li>Preps skin for a perfect makeup application</il>  
    <li>Protects against sun damage</il> 
<li>Prevents early signs of aging</li>
<li>Lightweight, silky texture</il>
</ul>",https://www.paulaschoice.com/dw/image/v2/BBNX_PRD/on/demandware.static/-/Sites-pc-catalog/en_US/dw394b0e7d/images/products/smoothing-primer-serum-spf-30-91580-L.png?sw=2000&sfrm=png,4.1,144,f5b0f7f7-5983-5567-827d-21e750542959,29/12/2021 02:26:02
https://www.paulaschoice.com/1pct-retinol-booster/787.html,1% Retinol Booster,Paula's Choice,7870,7870,41.6,USD,InStock,"This lightweight, concentrated booster with 1% encapsulated retinol helps to even skin tone, renew radiance, brighten, improve the appearance of wrinkles and create a smooth complexion.
<ul>
    <li>Pure form of retinol in a slow-release delivery system</li>
    <li>Peptides restore skin’s youthful appearance </li>   
    <li>Fluid lotion texture visibly improves loss of firmness</li>
    <li>Use alone or add to your moisturizer or serum </li>
    <li>High-strength 1% retinol concentration</li>
</ul>",https://www.paulaschoice.com/dw/image/v2/BBNX_PRD/on/demandware.static/-/Sites-pc-catalog/en_US/dw06cc02d5/images/products/resist-1-percent-retinol-booster-7870-L.png?sw=2000&sfrm=png,4,102,89f03c4e-8314-5266-9f3c-96ebf95368c9,29/12/2021 02:26:03
https://www.paulaschoice.com/defense-nightly-reconditioning-moisturizer/222-2227.html,Nightly Reconditioning Moisturizer,Paula's Choice,2227,2227,8,USD,InStock,"Eight superfoods plus antioxidants strengthen your skin’s environmental defenses while hydrating, softening and clarifying overnight. 
<ul>
<li>Protect skin against environmental aggressors</li>
<li>Flaxseed, wild cherry and other superfoods that nourish skin</li>
<li>Sheer, super-light texture</li>
<li>Use as the last step in your PM skincare routine</li>
</ul>",https://www.paulaschoice.com/dw/image/v2/BBNX_PRD/on/demandware.static/-/Sites-pc-catalog/en_US/dwb185da7c/images/products/defense-nightly-reconditioning-moisturizer-2227-M.png?sw=2000&sfrm=png,3.3999999999999995,145,7a376ce3-3da7-56d5-92a7-1561141f66f5,29/12/2021 02:26:03
https://www.paulaschoice.com/bha-treat-and-glow-kit/34200.html,BHA Treat & Glow Kit,Paula's Choice,34200,34200,61.25,USD,InStock,"Double down on stubborn pores with two BHA concentrations + apply liquid products sustainably with this limited-edition set.
<ul>
<li>Reusable rounds replace up to 2,000 disposable rounds</li>
<li>2% BHA unclogs & minimizes enlarged pores</li>
<li>9% BHA refines stubborn bumps</li>
</ul>",https://www.paulaschoice.com/dw/image/v2/BBNX_PRD/on/demandware.static/-/Sites-pc-catalog/default/dwf458795f/images/products/bha-treat-and-glow-kit-v2-34200-L.png?sw=2000&sfrm=png,,,824cdc1f-4579-5338-91e4-8e194503c659,29/12/2021 02:26:03
